,Afghanistan,Angola,Albania,Andorra,Arab World,United Arab Emirates,Argentina,Armenia,American Samoa,Antigua and Barbuda,Australia,Austria,Azerbaijan,Burundi,Belgium,Benin,Burkina Faso,Bangladesh,Bulgaria,Bahrain,"Bahamas, The",Bosnia and Herzegovina,Belarus,Belize,Bermuda,Bolivia,Brazil,Barbados,Brunei Darussalam,Bhutan,Botswana,Central African Republic,Canada,Central Europe and the Baltics,Switzerland,Channel Islands,Chile,China,Cote d'Ivoire,Cameroon,"Congo, Dem. Rep.","Congo, Rep.",Colombia,Comoros,Cabo Verde,Costa Rica,Caribbean small states,Cuba,Curacao,Cayman Islands,Cyprus,Czech Republic,Germany,Djibouti,Dominica,Denmark,Dominican Republic,Algeria,East Asia & Pacific (excluding high income),Early-demographic dividend,East Asia & Pacific,Europe & Central Asia (excluding high income),Europe & Central Asia,Ecuador,"Egypt, Arab Rep.",Euro area,Eritrea,Spain,Estonia,Ethiopia,European Union,Fragile and conflict affected situations,Finland,Fiji,France,Faroe Islands,"Micronesia, Fed. Sts.",Gabon,United Kingdom,Georgia,Ghana,Gibraltar,Guinea,"Gambia, The",Guinea-Bissau,Equatorial Guinea,Greece,Grenada,Greenland,Guatemala,Guam,Guyana,High income,"Hong Kong SAR, China",Honduras,Heavily indebted poor countries (HIPC),Croatia,Haiti,Hungary,IBRD only,IDA & IBRD total,IDA total,IDA blend
,,,,,,,,,,,,,,,,,,,,,,,,,,,,,,,,,,,,,,,,,,,,,,,,,,,,,,,,,,,,,,,,,,,,,,,,,,,,,,,,,,,,,,,,,,,,,,,,,,,,,,,
,,,,,,,,,,,,,,,,,,,,,,,,,,,,,,,,,,,,,,,,,,,,,,,,,,,,,,,,,,,,,,,,,,,,,,,,,,,,,,,,,,,,,,,,,,,,,,,,,,,,,,,
,,,,,,,,,,,,,,,,,,,,,,,,,,,,,,,,,,,,,,,,,,,,,,,,,,,,,,,,,,,,,,,,,,,,,,,,,,,,,,,,,,,,,,,,,,,,,,,,,,,,,,,
1960,414.371,550.05,2024.184,,59535.39657,11.001,48815.104,,,36.67,88202.351,30821.135,,,91000.272,161.348,44.004,,22295.36,575.719,410.704,,,44.004,157.681,1004.758,46908.264,172.349,333.697,,,88.008,192895.201,466533.4096,19523.108,,13490.893,780726.302,462.042,271.358,2321.211,223.687,16409.825,11.001,22.002,491.378,5878.201,13699.912,,11.001,887.414,,,40.337,11.001,29779.707,1041.428,6160.56,852797.3247,582183.3655,1210071.825,,,1763.827,16054.126,,,48928.781,,352.032,2359594.886,33985.80584,15104.373,194.351,271218.654,58.672,,132.012,584299.78,,1463.133,47.671,410.704,18.335,18.335,22.002,9405.855,22.002,223.687,1345.789,,660.06,5713366.066,2955.602,616.056,19753.66547,,286.026,45371.791,2555222.28,2646764.144,85283.54624,46104.28094
1961,491.378,454.708,2280.874,,65119.82117,11.001,51180.319,,,47.671,90589.568,31862.563,,,92793.435,128.345,91.675,,25973.361,1771.161,546.383,,,36.67,176.016,1041.428,49203.806,194.351,304.361,,,88.008,194182.318,491649.8461,20388.52,,14473.649,552066.85,553.717,282.359,2357.881,267.691,18217.656,11.001,22.002,491.378,8804.467,12181.774,,11.001,865.412,,,44.004,11.001,31734.218,1030.427,6065.218,623027.4699,606142.9381,1041180.505,,,1646.483,17088.22,,,53677.546,,341.031,2445945.664,35050.01654,14939.358,168.682,281211.229,113.677,,165.015,588938.535,,1345.789,51.338,616.056,22.002,29.336,22.002,9823.893,18.335,293.36,1408.128,,737.067,5838410.405,3373.64,737.067,20809.07057,,297.027,48976.452,2274746.851,2365642.325,87030.78015,48872.21073
1962,689.396,1180.774,2464.224,,74322.01361,18.335,53695.881,,,102.676,94912.961,33905.082,,44.004,98117.919,135.679,84.341,,30736.794,1591.478,726.066,,,69.673,157.681,1100.1,53695.881,260.357,370.367,,,73.34,207185.5,526298.9059,24154.529,,16725.187,440359.029,586.72,289.693,2174.531,238.355,19442.434,11.001,18.335,550.05,11771.07,14169.288,,11.001,905.749,,,47.671,11.001,36926.69,1243.113,5669.182,509627.2828,641190.7884,948555.1623,,,1565.809,18595.357,,,60054.459,,396.036,2587255.911,36966.84797,16809.528,231.021,298706.486,117.344,,88.008,593360.937,,1433.797,55.005,660.06,25.669,40.337,22.002,10164.924,25.669,264.024,1382.459,,678.395,6109990.312,3685.335,700.397,20844.25074,,304.361,50560.596,2200051.065,2296576.156,94349.5182,53761.71306
1963,707.731,1151.438,2082.856,,87853.78623,22.002,50083.886,,,84.341,101029.517,36992.696,,47.671,105781.949,121.011,88.008,,34411.128,1195.442,707.731,,,62.339,150.347,1213.777,55617.389,190.684,355.699,,,73.34,211109.19,569115.7392,29104.979,,17355.911,436695.696,623.39,300.694,2295.542,234.688,21257.599,11.001,14.668,601.388,5984.544,13039.852,,11.001,986.423,,,66.006,14.668,40707.367,1250.447,5427.16,506657.0519,671869.7177,991794.6225,,,1796.83,21554.626,,,58822.347,,421.705,2763661.258,37422.80398,19358.093,242.022,334019.696,124.678,,73.34,603822.888,,1723.49,55.005,696.73,29.336,47.671,25.669,12258.781,14.668,330.03,1521.805,,616.056,6452882.159,4250.053,711.398,22041.74242,,249.356,56281.116,2270760.778,2373491.276,101042.0511,61046.53924
1964,839.743,1224.778,2016.85,,103146.744,18.335,55727.399,,,91.675,108979.573,38943.54,,47.671,103662.423,143.013,110.01,,42863.563,1598.812,1085.432,,,84.341,201.685,1481.468,56735.824,179.683,341.031,,,73.34,237801.283,611356.7764,28166.227,,17524.593,436923.05,762.736,337.364,1976.513,267.691,21708.64,11.001,29.336,674.728,10652.635,14293.966,,11.001,1001.091,,,84.341,14.668,43189.926,1749.159,5650.847,513528.312,716683.6045,1046001.613,,,2145.195,25522.32,,,64410.855,,407.037,2879590.411,39474.60599,22852.744,425.372,345303.055,121.011,,190.684,608355.3,,1650.15,55.005,700.397,29.336,58.672,25.669,13223.202,22.002,315.362,1771.161,,649.059,6782010.521,4224.384,722.399,23976.15205,,300.694,62401.339,2382070.073,2495119.877,112227.1035,67578.54936
1965,1008.425,1188.108,2174.531,,123768.7553,22.002,58866.351,,,150.347,120966.996,38188.138,,36.67,105440.918,150.347,102.676,,46317.877,1228.445,1316.453,,,84.341,179.683,1510.804,56398.46,205.352,333.697,,,88.008,252153.921,630347.3828,30370.094,,17766.615,475972.933,1173.44,311.695,2471.558,245.689,22885.747,14.668,25.669,847.077,11917.75,14609.328,,11.001,1151.438,,,121.011,14.668,44337.697,1547.474,6596.933,558536.9528,768296.144,1134631.207,,,2277.207,27641.846,,,71117.798,,645.392,2977005.808,52451.8305,25327.969,344.698,351852.317,135.679,,216.353,622619.93,,1705.155,47.671,696.73,29.336,66.006,29.336,17025.881,22.002,344.698,1976.513,,1078.098,7081545.937,4807.437,751.735,28009.34973,,304.361,61293.905,2555483.97,2682994.297,126934.5792,77835.35105
1966,1092.766,1554.808,2552.232,,139012.3876,25.669,63138.406,,,348.365,120332.605,39258.902,,47.671,105206.23,113.677,102.676,,48767.433,649.059,1092.766,,,80.674,201.685,1690.487,64304.512,267.691,491.378,,,84.341,259319.239,650420.2725,31528.866,,18793.375,522789.522,1294.451,344.698,2405.552,308.028,23501.803,18.335,22.002,993.757,11756.402,15185.047,,18.335,1243.113,,,139.346,14.668,50127.89,1672.152,8430.433,616280.8899,807440.4858,1230384.455,,,2420.22,26563.748,,,77729.399,,825.075,3066068.197,65592.31442,29519.35,322.696,347235.564,139.346,,381.368,618564.228,,1441.131,55.005,718.732,33.003,66.006,25.669,18650.362,29.336,388.702,1741.825,,1180.774,7391949.92,5166.803,806.74,29217.45041,,304.361,61733.945,2738793.254,2873778.042,134285.3931,82689.61313
1967,1283.45,993.757,2680.577,,149659.0833,916.75,65543.958,,,564.718,129265.417,39966.633,,47.671,107472.436,143.013,102.676,,55166.348,1004.758,1705.155,,,121.011,212.686,1892.172,66193.017,337.364,440.04,,,91.675,281896.958,676656.3124,32562.96,,19259.084,433234.048,1488.802,458.375,2291.875,322.696,24715.58,18.335,18.335,876.413,14026.275,15749.765,,14.668,1364.124,,,88.008,22.002,49075.461,1569.476,8441.434,535188.9096,877563.9495,1241556.911,,,2592.569,19677.122,,,86519.198,,1074.431,3135494.784,72434.02261,28617.268,355.699,372009.816,168.682,,1012.092,592517.527,,1496.136,62.339,726.066,33.003,47.671,25.669,19534.109,36.67,418.038,1983.847,,1323.787,7720671.805,6057.884,876.413,31838.09959,,260.357,58829.681,2706611.006,2846524.017,139542.6577,84361.19098
1968,1224.778,1672.152,3072.946,,178719.2064,1243.113,69082.613,,,990.09,134622.904,42350.183,,55.005,118557.777,154.014,102.676,,59526.411,1103.767,1631.815,,,102.676,223.687,2178.198,77421.371,440.04,429.039,,,183.35,303539.592,722506.7378,36028.275,,21224.596,468928.626,1763.827,506.046,3369.973,451.041,26604.085,18.335,29.336,1037.761,14026.275,16035.791,,22.002,1624.481,,,121.011,22.002,53325.514,2350.547,9061.157,584688.5773,972043.8926,1376913.792,,,3116.95,22904.082,,,97157.165,,1727.157,3317198.681,99440.16596,33314.695,396.036,384631.63,183.35,,1961.845,606969.174,,1763.827,66.006,748.068,36.67,62.339,29.336,22321.029,40.337,542.716,2141.528,,1331.121,8131701.254,6204.564,1224.778,35599.93926,,264.024,61154.559,2949009.099,3106707.99,157554.1985,82168.08084
1969,942.419,2786.92,3245.295,,213029.3024,20524.199,77329.696,,,1257.781,142257.598,44693.396,,73.34,123618.237,201.685,121.011,,66376.367,1272.449,1745.492,,,135.679,198.018,2548.565,84315.331,480.377,487.711,,,187.017,307400.943,776524.9366,38096.463,,22555.717,577237.138,2086.523,572.052,3652.332,502.379,28048.883,18.335,36.67,1147.771,14869.685,17260.569,,44.004,1672.152,,,84.341,18.335,59401.733,2654.908,11276.025,705613.3561,1021630.592,1608550.078,,,3593.66,19695.457,,,96882.14,,1668.485,3520600.659,106038.8834,37935.115,432.706,413259.899,212.686,,1433.797,628857.497,,1690.487,66.006,748.068,47.671,58.672,44.004,25474.649,47.671,407.037,2280.874,,1367.791,8656315.636,7759.372,1177.107,39848.73644,,315.362,62419.674,3262665.105,3429130.345,165910.8517,92866.17909
1970,1672.152,3582.659,3744.007,,220469.5157,15247.386,82734.854,,,462.042,147618.752,50692.608,,62.339,125620.419,282.359,143.013,,61238.9,2592.569,2574.234,,,121.011,227.354,2486.226,93761.523,429.039,8210.413,3.667,,209.019,341485.708,808071.0956,40296.663,,24664.242,771617.474,2442.222,638.058,2713.58,572.052,28404.582,29.336,36.67,1250.447,20960.572,18672.364,,36.67,1705.155,,,139.346,25.669,62100.645,3109.616,15075.037,914610.6922,1098450.154,1971531.759,,,4283.056,21686.638,,,116929.629,,1653.817,3753440.756,104934.0348,40395.672,520.714,439013.24,256.69,,2082.856,653063.364,,2625.572,69.673,792.072,47.671,69.673,36.67,24165.53,44.004,381.368,2299.209,,1580.477,9411515.013,8401.097,1389.793,43201.68049,,385.035,70003.03,3699735.502,3887900.851,187507.1569,114142.022
1971,1895.839,3410.31,4352.729,,250795.3555,21184.259,88939.418,,,425.372,152774.554,52155.741,,73.34,121528.047,293.36,150.347,,64300.845,3039.943,6732.612,,,143.013,231.021,3061.945,102635.663,484.044,7517.35,3.667,,183.35,352607.719,832585.0788,41943.146,,27095.463,876633.02,2706.246,810.407,2962.936,685.729,30326.09,29.336,36.67,1529.139,25060.278,19607.449,,44.004,1884.838,,,161.348,25.669,57062.187,3523.987,18668.697,1029392.067,1171859.551,2127031.634,,,4224.384,23047.095,,,128682.364,,1851.835,3846741.985,105287.1308,40582.689,550.05,462434.369,260.357,,2845.592,660863.073,,2295.542,80.674,814.074,55.005,73.34,66.006,27814.195,47.671,469.376,2442.222,,1499.803,9601897.38,9160.166,1331.121,46402.218,,403.37,69280.631,4001888.369,4213158.885,210985.7546,134749.2337
1972,1532.806,4506.743,5643.513,,272741.7835,23454.132,90156.862,,,374.034,157486.649,56193.108,,73.34,130834.893,388.702,161.348,3509.319,66171.015,3681.668,6490.59,,,157.681,253.023,3571.658,114362.729,502.379,9460.86,3.667,22.002,168.682,381136.979,869398.7052,42973.573,,28191.896,931575.681,3014.274,861.745,3021.608,663.727,31481.195,29.336,51.338,1763.827,25580.992,20799.224,,55.005,2405.552,,,190.684,25.669,59643.755,4675.425,28349.577,1091262.418,1224906.055,2264146.34,,,4594.751,25511.319,,,145026.183,,1408.128,3999496.06,98005.00186,44161.681,579.386,480729.032,234.688,,2739.249,648486.948,,2423.887,73.34,832.409,66.006,66.006,88.008,31572.87,47.671,553.717,2709.913,,1562.142,10084808.61,9284.844,1536.473,47573.14636,,392.369,69430.978,4222674.321,4441075.289,217850.7881,144678.4062
1973,1639.149,4880.777,5291.481,,318446.9991,30630.451,94065.884,,,330.03,170992.21,60164.469,,73.34,138872.957,381.368,168.682,4554.414,68825.923,5522.502,7873.049,,,146.68,425.372,3457.981,132463.041,480.377,9981.574,3.667,51.338,161.348,381621.023,905753.8274,46262.872,,27652.847,968542.708,3208.625,898.415,3193.957,1221.111,33699.73,29.336,62.339,2046.186,30670.788,22398.036,,58.672,2500.894,,,179.683,25.669,59266.054,5966.209,38312.816,1143764.001,1347948.991,2412761.036,,,5262.145,23795.163,,,155367.123,,1752.826,4203895.412,103271.0669,49387.156,630.724,516599.626,253.023,,5313.483,660034.331,,2475.225,84.341,803.073,62.339,110.01,29.336,37256.72,55.005,557.384,2937.267,,1804.164,10612161.65,9295.845,1510.804,51041.32463,,421.705,73068.642,4483611.171,4726698.514,242838.7502,165298.9905
1974,1917.841,4873.443,4345.395,,310771.9862,31327.181,95569.354,,,429.039,172356.334,57469.224,,91.675,135220.625,407.037,205.352,4660.757,71260.811,5405.158,7389.005,,,154.014,443.707,3516.653,143456.707,491.378,8184.744,3.667,88.008,113.677,389970.782,935124.7568,41481.104,,25955.026,988014.478,3560.657,975.422,3369.973,1624.481,36479.316,29.336,66.006,1906.84,29482.68,22911.416,,55.005,1925.175,,,194.351,29.336,55078.34,6417.25,31906.567,1160766.995,1399948.247,2434009.167,,,6090.887,26123.708,,,173152.073,,1738.158,4142868.585,101585.3186,46680.91,671.061,499071.366,300.694,,5452.829,617607.141,,2937.267,77.007,839.743,62.339,102.676,51.338,36218.959,36.67,557.384,3069.279,,1554.808,10363787.63,10678.304,1558.475,52134.1911,,473.043,74102.736,4617276.445,4887969.75,271047.8389,194310.8957
1975,2126.86,4415.068,4594.751,,307638.8786,31070.491,94931.296,,,707.731,175883.988,54392.611,,77.007,122100.099,443.707,220.02,4869.776,73061.308,5753.523,8254.417,,,176.016,458.375,4059.369,151164.741,568.385,7080.977,3.667,187.017,102.676,397143.434,997763.9019,39097.554,,23014.092,1145607.47,3989.696,1162.439,3237.961,1100.1,35896.263,33.003,77.007,2038.852,31583.871,27066.127,,55.005,1980.18,,,198.018,29.336,55778.737,6340.243,32031.245,1328935.835,1430968.187,2570142.392,,,7363.336,31099.827,,,181644.845,,1210.11,4065317.555,104125.3313,46101.524,623.39,446919.292,348.365,,5368.488,603643.205,,2746.583,88.008,843.41,99.009,113.677,62.339,38873.867,47.671,506.046,3523.987,,1826.166,10030912.65,11019.335,1668.485,52041.26027,,484.044,75389.853,4996029.719,5248134.427,251264.9897,168956.4029
1976,1987.514,3285.632,4950.45,,373316.7378,39651.271,99786.404,,,403.37,174244.839,58415.31,,88.008,130009.818,260.357,209.019,5570.173,73116.313,6574.931,6464.921,,,176.016,469.376,4580.083,155154.437,531.715,6024.881,3.667,594.054,128.345,399317.965,1056884.293,40483.68,,24103.191,1196193.735,3964.027,1092.766,3413.977,1235.779,38089.129,40.337,73.34,2086.523,34766.827,27223.808,,66.006,2464.224,,,198.018,29.336,60135.133,6332.909,39170.894,1392354.62,1555575.996,2701949.694,,,8111.404,34495.469,,,198443.372,,1177.107,4331569.684,132167.982,51279.328,484.044,505602.293,330.03,,5709.519,598912.775,,2434.888,77.007,887.414,99.009,95.342,62.339,42911.234,47.671,220.02,3311.301,,1752.826,10576587.7,12508.137,1778.495,50688.18751,,674.728,80013.94,5309829.229,5580413.173,269770.7904,187116.4246
1977,2390.884,3534.988,5720.52,,395094.4035,38785.859,100791.162,,,465.709,187787.07,56218.777,,99.009,126570.172,297.027,249.356,5812.195,75969.239,7469.679,9717.55,,,198.018,454.708,4481.074,162961.48,590.387,6395.248,7.334,781.071,128.345,408151.768,1100015.682,41085.068,,23109.434,1310310.775,4055.702,1565.809,3487.317,480.377,39354.244,40.337,80.674,2614.571,38606.176,29402.006,,69.673,2669.576,,,198.018,25.669,61847.622,5614.177,41891.808,1535491.688,1666901.659,2903579.162,,,7484.347,37865.442,,,195663.786,,1048.762,4315907.794,129282.4669,50219.565,766.403,480857.377,407.037,,6314.574,604746.972,,3003.273,77.007,902.082,113.677,102.676,62.339,46999.939,47.671,722.399,3813.68,,1899.506,10800047.24,14231.627,2002.182,52498.47992,,707.731,83204.23,5664560.552,5936382.23,270449.2224,180396.6817
1978,2159.863,5412.492,6494.257,,425706.4054,44814.407,102639.33,,,491.378,202015.03,57483.892,,102.676,135855.016,363.033,348.365,6017.547,81411.067,7766.706,6607.934,,,216.353,425.372,5027.457,176925.416,630.724,9541.534,11.001,832.409,146.68,415896.472,1156662.283,42218.171,,22948.086,1462168.579,4818.438,2002.182,3538.655,322.696,41682.789,29.336,209.019,2922.599,37091.705,30689.123,,91.675,2808.922,,,201.685,25.669,61117.889,5449.162,62529.684,1706619.674,1749878.457,3081138.28,,,10425.281,39313.907,,,200493.225,,1371.458,4457560.888,129889.9438,51913.719,711.398,505858.983,399.703,,7561.354,605084.336,,2970.27,69.673,902.082,139.346,102.676,69.673,48081.704,51.338,392.369,4129.042,,2057.187,11080383.3,15753.432,2049.853,54639.60605,,755.402,88187.683,6097364.596,6374719.397,275420.5897,182282.2215
1979,2240.537,5504.167,7587.023,,455940.5266,36607.661,110703.063,,,407.037,205069.641,61594.599,,110.01,140233.414,366.7,407.037,6648.271,79152.195,8133.406,6930.63,,,209.019,462.042,4737.764,188322.452,601.388,7440.343,22.002,942.419,102.676,442067.851,1168855.297,39911.628,,24862.26,1494859.884,5423.493,1829.833,3755.008,348.365,44433.039,22.002,249.356,2794.254,37524.411,31712.216,,91.675,3003.273,,,363.033,33.003,62999.06,6809.619,45621.147,1749063.882,1848615.759,3203041.886,,,12167.106,42947.904,,,203745.854,,1848.168,4647643.766,156835.3394,54333.939,839.743,529155.434,480.377,,6754.614,644893.288,,2658.575,91.675,946.086,146.68,110.01,62.339,51293.996,47.671,572.052,4693.76,,1521.805,11379639.93,15885.444,1932.509,55505.72132,,755.402,86229.505,6315120.513,6644716.981,328862.7882,227287.7835
1980,1760.16,5346.486,5170.47,,508535.6439,36904.688,108737.551,,,143.013,220746.066,52306.088,,146.68,135301.299,517.047,432.706,7638.361,77487.377,7887.717,7990.393,,,190.684,436.373,4668.091,187090.34,674.728,6882.959,22.002,986.423,106.343,443233.957,1200252.176,40538.685,,25265.63,1467192.369,6222.899,3905.355,3501.985,407.037,44356.032,47.671,121.011,2464.224,38837.197,31400.521,,161.348,3208.625,,,348.365,36.67,60369.821,6457.587,66519.38,1725480.044,1938021.641,3193797.449,,,13443.222,45239.779,,,215003.544,,1822.499,4518359.15,149735.4536,58246.628,795.739,505363.938,421.705,,6633.603,579290.658,,2559.566,88.008,964.421,157.681,146.68,58.672,51429.675,47.671,564.718,4510.41,,1789.496,11141826.99,16662.848,2057.187,60007.29033,,751.735,86860.229,6369193.388,6710905.938,341251.2987,237457.6632
1981,1983.847,5280.48,7341.334,,497257.9241,36857.017,102041.609,,,106.343,230360.94,56130.769,,157.681,124021.607,429.039,557.384,7931.721,80343.97,8525.775,2801.588,,,183.35,388.702,4792.769,171806.284,685.729,1470.467,25.669,1008.425,135.679,430003.421,1127030.113,38859.199,,24554.232,1451501.276,4466.406,5342.819,3777.01,473.043,44458.708,47.671,33.003,2251.538,32566.627,32749.977,,154.014,3047.277,,,300.694,36.67,51789.041,6167.894,46438.888,1714592.619,2012198.92,3161341.919,,,16692.184,50978.634,,,207288.176,,1866.503,4266013.116,142172.3666,51510.349,1081.765,454700.666,440.04,,6574.931,560819.979,,3047.277,51.338,990.09,157.681,143.013,69.673,50721.944,58.672,528.048,3967.694,,1800.497,10691246.78,18690.699,1822.499,58906.9894,,766.403,86618.207,6312318.781,6663220.885,350812.059,240787.4463
1982,2101.191,4649.756,7308.331,,476720.2939,36871.685,103424.068,,,293.36,234119.615,53868.23,,157.681,117553.019,491.378,575.719,8599.115,90131.193,9838.561,2262.539,,,172.349,396.036,4349.062,172176.651,645.392,2093.857,33.003,1100.1,143.013,414811.04,1155830.578,36629.663,,20615.874,1580260.647,6109.222,6343.91,3072.946,1345.789,45914.507,47.671,36.67,2086.523,31620.541,34554.141,,161.348,3102.282,,,348.365,40.337,53695.881,6340.243,39269.903,1851104.178,2102818.927,3279927.01,,,19288.42,56523.138,,,209906.414,,1481.468,4171917.105,142768.4533,43083.583,839.743,436893.714,458.375,,6556.596,548520.861,,3043.61,22.002,982.756,161.348,143.013,73.34,52148.407,62.339,517.047,3626.663,,1404.461,10290339.73,19702.791,1763.827,60208.0209,,825.075,86871.23,6677102.077,7031760.198,354067.3924,244377.9955
1983,2522.896,5115.465,7631.027,,508407.2378,35342.546,105213.564,,,84.341,225003.453,51983.392,,205.352,101630.905,454.708,594.054,8236.082,90365.881,8228.748,2016.85,,,172.349,451.041,4290.39,166632.147,685.729,2706.246,29.336,1030.427,146.68,408687.15,1166616.091,40069.309,,20839.561,1667029.201,4840.44,6589.599,4026.366,1144.104,49449.495,47.671,36.67,2104.858,28639.27,30843.137,,168.682,3098.615,,,348.365,40.337,50175.561,7913.386,52625.117,1952649.422,2158703.384,3379308.412,,,19556.111,57091.523,,,204867.956,,1844.501,4111986.351,157757.9449,41576.446,715.065,422603.415,487.711,,5518.835,545741.275,,3655.999,36.67,953.42,161.348,143.013,62.339,55544.049,62.339,363.033,3179.289,,1246.78,10265166.96,21015.577,2002.182,60598.33036,,894.748,89137.436,6911071.567,7271048.94,359152.7819,242693.045
1984,2830.924,5009.122,7825.378,,554637.0839,46394.884,106522.683,,,146.68,236594.84,54550.292,,220.02,105422.583,502.379,465.709,9123.496,87366.275,9207.837,1855.502,,,172.349,443.707,4041.034,168806.678,748.068,1917.841,51.338,1045.095,150.347,425595.687,1165133.949,39174.561,,22200.018,1814908.31,5405.158,6057.884,3964.027,1140.437,48980.119,47.671,84.341,2002.182,28899.627,32603.297,,183.35,3182.956,,,352.032,44.004,50861.29,7444.01,71103.13,2104261.932,2234946.605,3613904.521,,,21257.599,63838.803,,,198953.085,,1664.818,4084428.697,163513.7882,42254.841,583.053,405342.846,498.712,,5995.545,529335.117,,2581.568,33.003,979.089,172.349,161.348,80.674,57054.853,62.339,568.385,3421.311,,1404.461,10541259.73,22346.698,1987.514,58728.56222,,913.083,90853.592,7235519.869,7621925.687,385828.2722,261421.4033
1985,3509.319,4701.094,7880.383,,586804.6333,49926.205,100596.811,,,249.356,241229.928,54700.639,,231.021,104472.83,744.401,476.71,10234.597,89540.806,10194.26,1510.804,,,190.684,451.041,4125.375,181248.809,847.077,2596.236,62.339,1158.772,161.348,422079.034,1186219.813,39827.287,,21503.288,1966553.428,7326.666,6475.922,3641.331,1279.783,48378.731,47.671,84.341,2266.206,31972.573,32577.628,,190.684,3102.282,,,359.366,47.671,60072.794,7293.663,72786.283,2275308.03,2354466.65,3782659.942,,,19431.433,63937.812,,,201233.959,,1815.165,4189511.407,173442.2382,49665.848,579.386,400880.107,517.047,,6318.241,559855.558,,3325.969,44.004,993.757,172.349,172.349,66.006,60600.842,62.339,509.713,3523.987,,1419.129,10659928.41,23014.092,1906.84,62553.59485,,942.419,86104.827,7670506.722,8072921.672,401586.1383,275295.4994
1986,3142.619,4660.757,8056.399,,648157.043,47234.627,104212.473,,,249.356,239964.813,54080.916,,234.688,102874.018,685.729,480.377,11463.042,91528.32,11012.001,1411.795,,,205.352,421.705,3777.01,198883.412,916.75,2299.209,55.005,1067.097,161.348,405053.153,1207582.912,42295.178,,22247.689,2068969.071,5966.209,1994.848,3377.307,1067.097,49101.13,44.004,58.672,2607.237,27894.869,33567.718,,201.685,3545.989,,,377.701,47.671,58903.021,8181.077,76277.267,2388444.194,2473250.512,3913007.986,,,15276.722,74564.778,,,190467.647,,2214.868,4179574.029,181263.5028,53329.181,605.055,385614.386,491.378,,4968.785,568777.369,,3047.277,40.337,997.424,161.348,183.35,80.674,59130.375,66.006,326.363,3700.003,,1045.095,10697031.59,25698.336,1848.168,55293.83904,,843.41,83537.927,7996181.819,8407514.098,410223.3189,284489.1776
1987,3124.284,5815.862,7444.01,,649426.4285,47693.002,114942.115,,,275.025,256106.947,57744.249,,249.356,103116.04,539.049,517.047,11862.745,91634.663,11430.039,1422.796,,,227.354,572.052,4030.033,207530.198,942.419,3318.635,102.676,1239.446,260.357,431349.21,1241032.397,40252.659,,22673.061,2209708.531,7682.365,1844.501,3854.017,1323.787,50487.256,47.671,80.674,2757.584,29240.658,33952.753,,216.353,4121.708,,,388.702,47.671,58341.97,9754.22,84120.98,2546786.436,2573525.706,4093944.878,,,15115.374,74810.467,,,190878.351,,2581.568,4258989.941,193302.9349,57656.241,476.71,377491.981,498.712,,4022.699,571868.65,,3285.632,47.671,993.757,179.683,194.351,99.009,63472.103,73.34,234.688,3993.363,,1309.119,10991289.14,28272.57,2174.531,61393.81819,,913.083,84436.342,8432721.506,8850849.477,416488.838,274025.1003
1988,2867.594,5130.133,7326.666,,688300.4424,48367.73,121473.042,,,286.026,261145.405,53340.182,,227.354,100354.789,553.717,553.717,13545.898,87289.268,12163.439,1540.14,,,249.356,645.392,4308.725,209363.698,946.086,5716.853,110.01,1301.785,231.021,456053.789,1198460.81,40711.034,,26926.781,2369501.723,9160.166,2200.2,4019.032,1499.803,52445.434,51.338,73.34,2940.934,27146.801,35635.906,,223.687,4129.042,,,348.365,55.005,55107.676,9834.894,83948.631,2732538.932,2700345.921,4421226.098,,,17271.57,74531.775,,,199033.759,,2673.243,4202996.736,217317.2547,52185.077,553.717,372207.834,528.048,,4334.394,570464.189,,3450.647,69.673,1026.76,183.35,216.353,106.343,67989.847,95.342,546.383,4125.375,,1404.461,11393299.68,29482.68,2504.561,66527.31679,,1023.093,78264.781,8831727.931,9288146.042,455256.3811,306975.2429
1989,2775.919,5009.122,8984.15,,699383.7187,54487.953,117090.977,,,286.026,277771.583,54117.586,,267.691,107461.435,630.724,821.408,13454.223,86739.218,11738.067,1947.177,,,300.694,781.071,4994.454,214024.455,990.09,6347.577,62.339,1430.13,249.356,463274.112,1164222.272,39467.921,,32386.944,2408540.605,8522.108,7634.694,4393.066,1507.137,53233.839,51.338,80.674,2973.937,29904.385,35738.582,,256.69,4341.728,,,388.702,58.672,48785.768,10366.609,80046.943,2785211.736,2827455.214,4559018.581,,,20267.509,72181.228,,,226671.938,,2827.257,4323273.817,220992.4898,52584.78,630.724,390649.177,579.386,,5771.858,581721.879,,3344.304,69.673,1045.095,179.683,231.021,117.344,74183.41,102.676,473.043,4246.386,,1184.441,11688024.6,30348.092,2728.248,70445.28025,,1037.761,76090.25,9091857.971,9511355.263,416790.9968,269197.5834
1990,2614.571,5115.465,5515.168,407.037,671736.0622,52009.061,112147.861,,,282.359,263704.971,57685.577,,209.019,106049.64,707.731,583.053,15533.412,74480.437,12427.463,1950.844,,,311.695,502.379,5757.19,208886.988,1074.431,6193.563,128.345,2702.579,198.018,435181.225,998302.3778,42610.54,,33314.695,2442431.019,5034.791,1734.491,4070.37,1188.108,57337.212,62.339,95.342,2955.602,31594.872,33344.031,,249.356,4374.731,,,322.696,58.672,50230.566,9229.839,76970.33,2864274.913,2851174.984,4703785.132,,,16827.863,75943.57,,,218597.204,,3017.941,4100786.671,192274.021,51745.037,814.074,375691.484,711.398,,4499.409,555924.534,,3817.347,143.013,1004.758,176.016,172.349,66.006,74278.752,106.343,553.717,5086.129,,1133.103,11450105.43,27333.818,2592.569,60289.80003,,993.757,69647.331,9007209.193,9423883.772,414025.9588,265479.9943
1991,2438.555,5089.796,4286.723,407.037,740323.2355,57010.849,117098.311,,,267.691,261471.768,61605.6,,238.355,110959.753,821.408,627.057,15940.449,57549.898,11877.413,1782.162,,,359.366,539.049,6006.546,219330.604,1206.443,5309.816,187.017,2636.573,205.352,426780.128,910237.5725,42705.882,,31323.514,2565594.548,4561.748,1103.767,2962.936,1004.758,57120.859,66.006,99.009,3336.97,32075.249,29710.034,,271.358,4690.093,,929973.202,311.695,58.672,60270.812,10043.913,79049.519,3045419.521,3077550.432,4912997.308,,,16497.833,78715.822,2648355.742,,225634.177,,2984.938,4112588.931,199292.0968,53699.548,671.061,390689.514,667.394,,4536.079,566830.192,,3934.691,198.018,1026.76,179.683,176.016,143.013,74062.399,110.01,546.383,5053.126,,1114.768,11593991.34,28639.27,2698.912,57758.36444,,997.424,66585.386,9347244.325,9774794.078,424682.8517,271370.6346
1992,1393.46,5196.139,2515.562,407.037,795658.9047,58136.618,121352.031,5826.863,,264.024,267984.36,56658.817,56240.779,216.353,111968.178,898.415,630.724,17748.28,54205.594,10901.991,1793.163,15053.035,87417.613,355.699,462.042,6655.605,220705.729,979.089,5214.474,216.353,2779.586,216.353,440978.752,869420.031,42793.89,,32474.952,2690455.898,4099.706,3788.011,2816.256,1279.783,62049.307,66.006,106.343,3791.678,33945.419,31294.178,,311.695,5181.471,138176.227,891975.748,311.695,58.672,54322.938,10923.993,80138.618,3216890.329,3173489.861,5156986.824,3763548.443,7644380.699,22280.692,81264.387,2580075.531,,233921.597,23879.504,2966.603,3994290.751,210291.7634,47472.982,748.068,365893.26,649.059,99.009,4932.115,556280.233,15335.394,3982.362,234.688,1059.763,179.683,179.683,157.681,75499.863,117.344,480.377,6017.547,,1045.095,11726314.76,33094.675,3076.613,59877.18718,16417.159,909.416,60395.49,9654333.079,10105390.07,448326.4157,294318.0554
1993,1345.789,5775.525,2335.879,410.704,877890.1379,65980.331,117927.053,2555.899,,271.358,277397.549,57102.524,48452.071,227.354,107652.119,1133.103,627.057,17407.249,67861.502,14642.331,1701.488,12603.479,76768.645,377.701,539.049,7829.045,230738.641,1114.768,4968.785,183.35,3197.624,223.687,445580.837,862779.094,40751.371,,34627.481,2878694.009,5346.486,3898.021,2592.569,1320.12,64022.153,69.673,110.01,3953.026,33153.347,29380.004,,330.03,5449.162,132631.723,877645.112,311.695,62.339,57065.854,11763.736,82210.473,3457279.92,3330373.204,5447899.737,3456731.038,7275289.962,24205.867,93156.468,2526548.332,,219253.597,19508.44,3028.942,3938794.373,218649.4109,50402.915,751.735,359916.05,583.053,99.009,4990.787,545711.939,9952.238,4547.08,238.355,1089.099,187.017,183.35,99.009,75712.549,121.011,498.712,5658.181,,1045.095,11896944.52,34964.845,2849.259,61962.55482,16750.856,663.727,61917.295,9714984.975,10165272.03,447499.63,295712.1105
1994,1294.451,3890.687,1925.175,407.037,901869.0502,73130.981,122408.127,2706.246,,267.691,278119.948,57054.853,41976.149,234.688,112334.878,1265.115,645.392,18969.391,54161.59,14789.011,1686.82,3230.627,65056.247,374.034,531.715,8635.785,242154.012,748.068,4693.76,212.686,3032.609,234.688,456849.528,809460.914,41323.423,,38103.797,3058241.33,4686.426,3817.347,1639.149,2148.862,67571.809,69.673,113.677,5269.479,32856.32,32247.598,,363.033,5643.513,125734.096,865558.68,304.361,66.006,61000.545,12475.134,86416.522,3667655.24,3448305.264,5758134.254,3027704.986,6816598.173,13652.241,85312.755,2513970.522,865.412,233404.55,19042.731,2240.537,3884988.482,237208.4718,57223.535,748.068,338119.402,575.719,102.676,4389.399,546738.699,6083.553,4954.117,282.359,1250.447,187.017,183.35,33.003,77909.082,143.013,502.379,6838.955,,1386.126,12053969.75,31283.177,3336.97,64040.488,16490.499,300.694,58884.686,9633017.681,10069790.95,433902.3569,282813.432
1995,1243.113,10975.331,2086.523,425.372,866641.7681,70641.088,127963.632,3410.31,,275.025,281860.288,59783.101,33333.03,238.355,112327.544,1327.454,627.057,22816.074,58004.606,14818.347,1683.153,3428.645,60773.191,377.701,531.715,9849.562,258347.484,828.742,4789.102,249.356,3047.277,234.688,467637.842,829141.703,39225.899,,41745.128,3320285.15,6618.935,4228.051,2123.193,1565.809,59614.419,73.34,121.011,4866.109,33692.396,25709.337,,363.033,5383.156,123830.923,864110.215,304.361,80.674,57172.197,15885.444,95294.329,3996721.665,3500968.895,6122092.977,2935576.624,6775802.785,22841.743,95723.368,2567956.096,935.085,241611.296,17520.926,2563.233,3947855.53,240213.1679,52713.125,762.736,349160.739,572.052,106.343,4624.087,538117.582,2302.876,5276.813,275.025,1290.784,198.018,183.35,128.345,78781.828,150.347,502.379,7165.318,,1463.133,12137213.81,31470.194,3879.686,70600.751,16985.544,902.082,60369.821,10013260.68,10448079.96,431661.1679,275083.7631
1996,1177.107,10458.284,2016.85,454.708,862033.8253,41059.399,135000.605,2563.233,,293.36,302164.467,63178.743,31257.508,242.022,118059.065,1265.115,707.731,24029.851,56559.808,15621.42,1668.485,4257.387,60164.469,308.028,528.048,9827.56,284782.887,850.744,4869.776,300.694,2757.584,234.688,479419.913,841616.837,39885.959,,48499.742,3463089.131,7840.046,4462.739,2317.544,1716.156,60527.502,77.007,143.013,4748.765,37836.106,26996.454,,385.035,5936.873,125378.397,889614.2,311.695,73.34,72181.228,17326.575,97098.493,4202090.885,3684279.405,6413087.369,2869776.001,6822776.152,24191.199,102030.608,2634270.124,1012.092,233305.541,18349.668,2860.26,4055918.353,237110.205,61282.904,821.408,375306.449,601.388,106.343,4774.434,551436.126,4066.703,5610.51,282.359,1364.124,198.018,183.35,113.677,80241.294,154.014,517.047,6651.938,,1518.138,12470561.23,29123.314,3960.36,73963.39,16956.208,1034.094,62063.975,10291748.51,10754259.72,459406.5667,294314.3868
1997,1096.433,7381.671,1543.807,465.709,833006.721,41646.119,138003.878,3234.294,,308.028,305794.797,62658.029,29809.043,249.356,115341.818,1217.444,806.74,25063.945,51616.692,17319.241,1364.124,8393.763,59555.747,388.702,524.381,10942.328,300547.32,902.082,5060.46,392.369,2801.588,245.689,495294.356,819783.519,41466.436,,56394.793,3469510.048,7568.688,3215.959,1899.506,2343.213,64909.567,80.674,146.68,4987.12,36020.941,24649.574,,407.037,5859.866,127413.582,862276.715,326.363,80.674,61557.929,18001.303,87340.606,4259610.792,3784619.025,6523428.282,2685747.726,6568968.201,18360.669,108202.169,2600981.098,865.412,252073.247,18107.646,3050.944,3963003.907,240783.8712,59933.448,792.072,351562.624,590.387,110.01,4796.436,527343.936,4437.07,6365.912,293.36,1419.129,198.018,201.685,289.693,83717.61,168.682,520.714,7598.024,,1591.478,12564558.08,30703.791,4158.378,76390.944,18907.052,1367.791,60886.868,10282469.26,10746189.46,460633.088,291643.6707
1998,1041.428,7308.331,1752.826,491.378,906420.061,81495.408,139815.376,3362.639,,319.029,316883.805,63662.787,31675.546,249.356,118374.427,1213.777,861.745,24048.186,48998.454,18404.673,1679.486,10593.963,58099.948,370.367,520.714,10989.999,312289.054,1140.437,5269.479,381.368,3344.304,249.356,506533.711,772365.542,41704.791,,57641.573,3324344.519,6912.295,3208.625,1668.485,777.404,65976.664,88.008,157.681,5317.15,36989.029,24499.227,,429.039,6406.249,122543.806,855364.42,315.362,77.007,59552.08,18397.339,106999.393,4016009.109,3885534.865,6184239.137,2645068.935,6552558.986,22460.375,122243.112,2648245.061,590.387,261541.441,16310.816,3219.626,3968801.434,252540.8372,56988.847,770.07,377444.31,623.39,117.344,4979.786,531905.684,4961.451,6402.582,308.028,1503.47,212.686,172.349,165.015,87751.31,176.016,528.048,8753.129,,1657.484,12565002.75,39101.221,4649.756,74385.095,20153.832,1232.112,59163.378,10133504.41,10614995.35,478670.3848,301574.4792
1999,821.408,9156.499,2984.938,513.38,919932.956,78374.791,146984.361,3014.274,,330.03,325343.574,61869.624,28576.931,253.023,114260.053,1562.142,931.418,25236.294,43981.998,18019.638,1675.819,10377.61,56112.434,348.365,513.38,10443.616,320173.104,1210.11,3909.022,385.035,3160.954,264.024,515389.516,730323.387,40692.699,,61502.924,3318055.614,6266.903,3080.28,1382.459,821.408,56512.137,91.675,183.35,5522.502,40813.71,25331.636,,429.039,6376.913,111975.512,822460.429,315.362,80.674,55148.013,18562.354,92045.367,4049087.371,4080692.605,6313362.347,2655558.835,6506503.617,21495.954,125393.065,2618685.374,619.723,282355.333,15159.378,3157.287,3896092.158,257411.9036,55423.038,784.738,368918.535,630.724,110.01,4807.437,530937.596,4345.395,6549.262,319.029,1580.477,231.021,194.351,465.709,86636.542,194.351,539.049,8929.145,,1679.486,12745738.5,42716.883,4741.431,74531.775,19992.484,1331.121,58800.345,10305632.41,10802423.4,493987.0343,309975.4956
2000,773.737,9541.534,3021.608,524.381,1045762.394,112562.232,142136.587,3465.315,,344.698,329443.28,62283.995,29508.349,271.358,115118.131,1598.812,1041.428,27869.2,43530.957,18643.028,1668.485,13787.92,53787.556,396.036,517.047,11067.006,327983.814,1188.108,4712.095,396.036,3780.677,267.691,534380.909,716172.434,39049.883,,58815.013,3405179.867,6791.284,3432.312,814.074,1048.762,57923.932,102.676,216.353,5474.831,42493.196,26083.371,,465.709,6930.63,123849.258,829977.779,341.031,102.676,51330.666,19790.799,87861.32,4197275.787,4236793.128,6547512.565,2693323.973,6557163.783,20718.55,141326.18,2637002.039,608.722,294434.431,14858.684,3549.656,3911984.936,258540.0592,52427.099,843.41,362226.26,689.396,124.678,4693.76,541784.582,4536.079,6288.905,333.697,1642.816,245.689,146.68,454.708,91616.328,190.684,531.715,9915.568,,1609.813,13165354.44,40439.676,5031.124,77062.005,19339.758,1367.791,55826.408,10509440.89,11049625.11,537628.8927,348821.9424
2001,817.741,9732.218,3223.293,524.381,1040650.596,101414.552,133720.822,3542.322,,348.365,324844.862,65888.656,28771.282,205.352,114527.744,1815.165,997.424,32456.617,46453.556,13927.266,1569.476,13362.548,52760.796,447.374,528.048,8621.117,337433.673,1221.111,4506.743,385.035,3850.35,245.689,527926.989,735427.851,42944.237,,53340.182,3487566.356,7726.369,3421.311,836.076,766.403,56273.782,102.676,234.688,5760.857,45544.14,25452.647,,469.376,6846.289,123720.913,853662.932,366.7,110.01,52918.477,19816.468,84219.989,4342204.05,4289755.609,6681613.48,2693773.38,6640964.419,23116.768,125451.737,2702325.977,630.724,297830.073,15570.082,4352.729,3997697.394,273383.4175,57051.186,1056.096,377535.985,762.736,168.682,4800.103,545862.286,3769.676,6919.629,344.698,1719.823,253.023,150.347,3094.948,93805.527,194.351,539.049,10626.966,,1595.145,13128054.1,37957.117,5713.186,80094.614,20395.854,1569.476,56977.846,10718958.26,11279397.14,557918.5286,360722.771
2002,1070.764,12665.818,3751.341,531.715,1062153.884,84704.033,124714.67,3043.61,,370.367,341353.696,67073.097,29614.692,212.686,107311.088,2079.189,1004.758,33707.064,44634.724,15698.427,1576.81,14301.3,52405.097,432.706,557.384,10395.945,332266.87,1228.445,4378.398,418.038,3978.695,245.689,519335.208,723609.11,40696.366,,55162.681,3850269.326,7286.329,3417.644,927.751,575.719,55661.393,102.676,275.025,6325.575,46636.906,26090.705,,487.711,7022.305,119749.552,829724.756,399.703,102.676,52049.398,21330.939,89907.506,4736796.183,4370301.264,7132996.323,2710131.781,6628475.203,24950.268,127193.562,2701885.937,605.055,314518.59,14888.02,4521.411,3973997.573,266391.8712,61682.607,891.081,375075.428,726.066,143.013,4572.749,528642.054,3388.308,7422.008,348.365,1804.164,289.693,154.014,4979.786,93669.848,205.352,539.049,11096.342,,1580.477,13211555.41,39636.603,6090.887,85657.453,21473.952,1826.166,56064.763,11153154.13,11727213.35,571354.5121,377946.689
2003,1195.442,9064.824,4294.057,535.382,1143168.915,106841.712,135062.944,3428.645,,403.37,336271.234,72195.896,30615.783,161.348,112914.264,2354.214,1078.098,35672.576,47307.967,16468.497,1518.138,14488.317,53530.866,432.706,561.051,11092.675,321621.569,1268.782,4591.084,377.701,3828.348,234.688,553100.944,747044.907,40175.652,,55602.721,4540417.061,5460.163,3795.345,986.423,916.75,57421.553,132.012,308.028,6626.269,50476.255,25485.65,,495.045,7748.371,122059.762,822812.461,421.705,117.344,55998.757,21514.289,91575.991,5488494.26,4598872.708,7900304.851,2829745.105,6820399.722,26967.118,147963.45,2741595.88,726.066,321097.188,17124.89,4987.12,4047102.885,291644.5552,69130.284,1048.762,380689.605,733.4,143.013,4642.422,540006.087,3773.343,7631.027,355.699,1881.171,289.693,194.351,6017.547,95738.036,216.353,531.715,10828.651,,1565.809,13409151.65,43358.608,6769.282,90890.262,22984.756,1734.491,59053.368,12203269.68,12812844.56,606452.7095,388456.311
2004,949.753,18793.375,4165.712,561.051,1252559.192,113240.627,157589.325,3644.998,,421.705,342699.485,72390.247,32089.917,198.018,111102.766,2508.228,1103.767,37704.094,46801.921,17509.925,1723.49,15610.419,58158.62,392.369,583.053,11114.677,337826.042,1294.451,4998.121,308.028,3898.021,234.688,552198.862,737158.675,40366.336,,59775.767,5233538.733,7664.03,3956.693,1199.109,949.753,55071.006,143.013,330.03,6930.63,52232.748,25005.273,,462.042,7334,116775.615,816802.248,407.037,113.677,50600.933,18309.331,88510.379,6246987.453,4833377.358,8716017.439,2862282.146,6864186.007,29046.307,150911.718,2767041.193,770.07,339428.521,17282.571,5295.148,4056134.706,321207.2014,67091.432,1353.123,383758.884,748.068,143.013,4686.426,539239.684,4323.393,7348.668,385.035,1943.51,293.36,201.685,5218.141,97149.831,205.352,583.053,11620.723,,1628.148,13637165.12,41708.458,7367.003,98341.606,22376.034,1987.514,57458.223,13172205.62,13810068.84,634316.5019,404484.768
2005,1327.454,19156.408,4253.72,575.719,1318345.172,116148.558,162110.736,4352.729,,429.039,350172.831,74216.413,34337.788,154.014,108510.197,2394.551,1125.769,39478.922,47916.689,19207.746,1741.825,16204.473,59167.045,421.705,583.053,12185.441,347308.904,1353.123,5005.455,396.036,4096.039,234.688,557417.003,741020.026,41338.091,,61818.286,5896957.705,7825.378,3696.336,1499.803,982.756,60945.54,139.346,440.04,6868.291,56746.825,26006.364,,473.043,7502.682,120108.918,797180.131,414.371,117.344,47095.281,18639.361,107278.085,6940455.837,5002701.083,9373914.303,2881292.047,6866418.075,30263.751,167207.866,2750877.057,766.403,353462.13,16754.523,5119.132,4039746.883,324231.3395,54645.634,1096.433,385368.697,722.399,121.011,4888.111,542580.321,5067.794,6992.969,399.703,1826.166,293.36,212.686,4712.095,98675.303,216.353,608.722,12570.476,,1437.464,13654444.55,43871.988,7554.02,100772.827,22592.387,2075.522,58019.274,14064923.64,14707003.84,637950.4249,404440.764
2006,1650.15,22266.024,3898.021,546.383,1381941.953,123874.927,175436.614,4382.065,,443.707,365346.877,72162.893,39167.227,187.017,107072.733,3872.352,1360.457,43541.958,48991.12,18830.045,1664.818,17564.93,62071.309,443.707,652.726,15056.702,347668.27,1371.458,4862.442,392.369,4136.376,249.356,543819.767,767081.395,41851.471,,64814.225,6529291.518,6996.636,3861.351,1609.813,1118.435,62940.388,161.348,473.043,7099.312,62265.66,27407.158,,484.044,7788.708,122107.433,816472.218,410.704,113.677,54986.665,19783.465,101069.854,7575023.45,5278881.188,10029012.42,2992020.004,7002692.168,28859.29,178586.567,2752365.859,561.051,350037.152,16175.137,5504.167,4071767.127,314031.4724,66200.351,1217.444,375764.824,678.395,121.011,4173.046,541458.219,6149.559,9358.184,418.038,1892.172,308.028,216.353,4756.099,97285.51,231.021,627.057,12647.483,,1290.784,13676677.76,42056.823,7007.637,108579.87,22607.055,2112.192,57388.55,15012283.63,15676787.45,659910.0213,411756.429
2007,2273.54,25151.953,3927.357,539.049,1359855.612,135627.662,175176.257,5064.127,,469.376,372090.49,69735.339,30509.44,187.017,103545.079,4495.742,1646.483,44381.701,52254.75,26846.107,1690.487,17652.938,60523.835,476.71,729.733,12332.121,363212.683,1364.124,8415.765,392.369,4231.718,253.023,554355.058,767136.4,37986.453,,71638.512,7030797.772,6776.616,5834.197,1756.493,1213.777,62430.675,102.676,506.046,8122.405,63673.788,26794.769,,572.052,8195.745,123302.875,780546.619,462.042,154.014,50256.235,21173.258,109404.945,8122758.081,5489631.012,10634881.15,3035024.256,6971910.563,31888.232,189092.522,2704749.864,579.386,358236.564,18709.034,6013.88,4003410.58,289985.4271,63985.483,1158.772,369142.222,689.396,139.346,4118.041,528425.701,6420.917,9827.56,414.371,1969.179,352.032,231.021,4796.436,98246.264,238.355,638.058,12625.481,,1562.142,13753428.25,43721.641,8778.798,116174.227,23828.166,2390.884,56035.427,15750663.42,16454110.75,698705.3081,426633.448
2008,4206.049,25709.337,4374.731,539.049,1491970.288,157354.637,189107.19,5559.172,,480.377,385904.079,69027.608,35503.894,190.684,104443.494,4411.401,1917.841,49511.834,50740.279,29768.706,1496.136,20153.832,63105.403,436.373,649.059,13237.87,387631.236,1620.814,9119.829,421.705,4506.743,253.023,561028.998,751518.647,40403.006,,71851.198,7553070.247,6776.616,5544.504,1859.169,1309.119,68088.856,106.343,469.376,8129.739,63354.759,30443.434,,583.053,8577.113,116658.271,780564.954,498.712,132.012,46933.933,20711.216,110208.018,8727787.298,5868138.752,11224859.74,3090503.893,6959492.281,33868.412,198586.385,2642509.873,414.371,329285.599,17491.59,6578.598,3915303.571,330822.603,56519.471,894.748,366325.966,630.724,117.344,4173.046,520688.331,5166.803,9138.164,425.372,2189.199,366.7,227.354,4503.076,95965.39,253.023,660.06,11430.039,,1558.475,13583464.43,43978.331,8672.455,120966.996,22592.387,2398.218,54843.652,16748259.76,17464977.12,711286.559,428173.588
2009,6769.282,27792.193,4378.398,517.047,1581327.744,167959.601,179961.692,4360.063,,509.713,394792.887,62731.369,31902.9,190.684,99863.411,4660.757,1932.509,53736.218,42665.545,28217.565,1642.816,20703.882,61220.565,586.72,476.71,13989.605,367147.374,1617.147,7862.048,388.702,3762.342,253.023,536764.459,682828.403,41646.119,,66805.406,8001008.965,5658.181,6725.278,1749.159,1745.492,72661.605,132.012,524.381,7902.385,61865.957,29897.051,,557.384,8111.404,107659.453,722263.321,462.042,132.012,44510.046,20227.172,121399.702,9227347.392,6099152.418,11631078.23,2812194.397,6390990.536,36068.612,206734.459,2443076.411,513.38,288237.201,14565.324,6629.936,3601566.052,347247.9712,53149.498,792.072,351899.988,575.719,161.348,4250.053,471719.213,6241.234,7708.034,462.042,2262.539,381.368,234.688,4620.42,91942.691,253.023,575.719,11851.744,,1565.809,12871104.72,42148.498,7873.049,124549.655,21165.924,2269.873,48510.743,17160958.61,17847871.21,680758.6329,394499.527
2010,8463.436,29057.308,4598.418,517.047,1645558.916,160812.618,187919.082,4217.05,,524.381,390861.863,67502.136,30678.122,212.686,110824.074,5089.796,1961.845,59937.115,44114.01,29266.327,1653.817,21275.934,63043.064,539.049,608.722,15203.382,419754.156,1477.801,8203.079,487.711,4686.426,264.024,534670.602,712993.145,38994.878,,72250.901,8776040.416,6967.3,6780.283,2020.517,1980.18,76174.591,161.348,557.384,7568.688,64792.223,38375.155,,557.384,7708.034,111579.476,758859.981,517.047,139.346,46640.573,21022.911,119177.5,10039666.1,6167446.626,12584718.18,3014100.885,6703823.285,36460.981,202715.427,2496137.901,513.38,270910.626,18107.646,6585.932,3709775.555,365200.4915,62082.31,1221.111,353033.091,630.724,113.677,4811.104,493207.833,6314.574,9955.905,465.709,2603.57,432.706,238.355,4679.092,83856.956,260.357,663.727,11664.727,,1719.823,13321124.82,40678.031,7975.725,139386.337,20172.167,2126.86,50223.232,18257083.58,18984137.53,720460.5427,412346.816
2011,12240.446,30340.758,5240.143,491.378,1655808.181,165440.372,191633.753,4917.447,,513.38,391818.95,65019.577,33446.707,242.022,99944.085,5295.148,2211.201,63413.431,49346.819,28650.271,1866.503,23886.838,64062.49,601.388,443.707,16145.801,439412.943,1529.139,9695.548,733.4,4176.713,278.692,537112.824,715087.002,36967.027,,79243.87,9733538.12,7249.659,5768.191,2493.56,2258.872,76530.29,135.679,616.056,7741.037,64271.509,35987.938,,586.72,7425.675,106907.718,732497.918,473.043,128.345,40645.028,21228.263,121187.016,11172154.62,6501539.662,13753828.83,3162405.474,6682339.143,38609.843,217163.407,2402097.686,594.054,270547.593,18606.358,7726.369,3568090.009,366671.0823,56816.498,1089.099,331804.828,568.385,121.011,4972.452,447828.708,7972.058,9831.227,451.041,2779.586,447.374,245.689,6127.557,79841.591,253.023,707.731,11837.076,,1782.162,13093975.98,43794.981,8954.814,150776.039,19809.134,2218.535,47843.349,19727568.92,20490771.88,755800.2585,437187.074
2012,10755.311,33399.036,4910.113,487.711,1796962.012,176386.367,192356.152,5694.851,,524.381,388126.281,62272.994,35555.232,282.359,95107.312,5471.164,2629.239,67505.803,44708.064,26673.758,1969.179,22258.69,63222.747,476.71,476.71,18793.375,470028.726,1470.467,9666.212,817.741,4231.718,293.36,517457.704,676033.452,37773.767,,80974.694,10028573.94,9295.845,6127.557,2401.885,2970.27,79951.601,143.013,506.046,7766.706,62863.381,36156.62,5999.212,535.382,6919.629,101029.517,739861.254,517.047,135.679,36427.978,22123.011,129987.816,11515570.1,6881092.497,14109486.43,3226413.939,6685250.94,38140.467,217068.065,2352138.478,660.06,264779.402,17623.602,8562.445,3494155.955,382745.7712,49134.133,1059.763,333227.624,590.387,135.679,5104.464,468572.927,8441.434,11877.413,462.042,2581.568,454.708,253.023,5115.465,80043.276,271.358,568.385,11972.755,,1994.848,12965718.53,43424.614,8984.15,160357.91,17993.969,2313.877,44583.386,20439084.26,21209667.2,762663.0968,446376.576
2013,10014.577,32617.965,5064.127,476.71,1775095.691,170706.184,189851.591,5496.833,,524.381,372266.506,62485.68,35643.24,289.693,96970.148,5812.195,3058.278,69709.67,39599.933,31312.513,2801.588,21921.326,63769.13,513.38,458.375,18918.053,503677.118,1448.465,7803.376,920.417,5229.142,297.027,517160.677,658046.817,40226.99,,83226.232,10258007.13,10685.638,6772.949,3589.993,3087.614,89625.147,176.016,498.712,7598.024,65052.58,34799.83,5214.474,535.382,5947.874,98675.303,757312.507,608.722,132.012,38532.836,21440.949,134465.223,11634035.38,6722579.088,14258139.27,3138263.123,6551568.981,40997.06,213412.066,2308651.525,667.394,237034.88,19893.475,10634.3,3421472.348,409663.1311,47219.959,1151.438,334096.703,678.395,143.013,5280.48,458250.322,7858.381,14620.329,491.378,2299.209,432.706,256.69,5163.136,69482.316,304.361,553.717,13633.906,,1936.176,12947592.31,45005.091,9064.824,174501.529,17550.262,2405.552,42141.164,20544807.54,21340064.97,787517.8302,453765.581
2014,9809.225,34763.16,5716.853,462.042,1895700.321,211369.547,204024.546,5529.836,,531.715,361261.839,58712.337,37487.741,440.04,93350.819,6318.241,2849.259,73189.653,42416.189,31338.182,2416.553,22233.021,63497.772,495.045,575.719,20410.522,529808.16,1272.449,9108.828,1001.091,7033.306,300.694,537193.498,636385.848,35305.876,,82562.505,10291926.88,11045.004,7003.97,4671.758,3094.948,84091.644,154.014,491.378,7759.372,63637.118,34836.5,5881.868,542.716,6061.551,96475.103,719883.438,722.399,135.679,33498.045,21539.958,145400.217,11688627.33,7079254.546,14272114.68,3029861.394,6245991.857,43919.659,201894.019,2191542.213,696.73,233976.602,19519.441,11598.721,3241844.353,422731.8561,47300.633,1169.773,303275.568,597.721,150.347,5192.472,419820.162,8987.817,14466.315,528.048,2449.556,513.38,271.358,5346.486,67318.786,242.022,506.046,18327.666,,2009.516,12939717.41,46222.535,9471.861,186998.665,16842.531,2860.26,42086.159,20783364.23,21583850.66,792614.1447,439412.943
