Country Name,Aruba,Afghanistan,Angola,Albania,Andorra,Arab World,United Arab Emirates,Argentina,Armenia,American Samoa,Antigua and Barbuda,Australia,Austria,Azerbaijan,Burundi,Belgium,Benin,Burkina Faso,Bangladesh,Bulgaria,Bahrain,"Bahamas, The",Bosnia and Herzegovina,Belarus,Belize,Bermuda,Bolivia,Brazil,Barbados,Brunei Darussalam,Bhutan,Botswana,Central African Republic,Canada,Central Europe and the Baltics,Switzerland,Channel Islands,Chile,China,Cote d'Ivoire,Cameroon,"Congo, Dem. Rep.","Congo, Rep.",Colombia,Comoros,Cabo Verde,Costa Rica,Caribbean small states,Cuba,Curacao,Cayman Islands,Cyprus,Czech Republic,Germany,Djibouti,Dominica,Denmark,Dominican Republic,Algeria,East Asia & Pacific (excluding high income),Early-demographic dividend,East Asia & Pacific,Europe & Central Asia (excluding high income),Europe & Central Asia,Ecuador,"Egypt, Arab Rep.",Euro area,Eritrea,Spain,Estonia,Ethiopia,European Union,Fragile and conflict affected situations,Finland,Fiji,France,Faroe Islands,"Micronesia, Fed. Sts.",Gabon,United Kingdom,Georgia,Ghana,Gibraltar,Guinea,"Gambia, The",Guinea-Bissau,Equatorial Guinea,Greece,Grenada,Greenland,Guatemala,Guam,Guyana,High income,"Hong Kong SAR, China",Honduras,Heavily indebted poor countries (HIPC),Croatia,Haiti,Hungary,IBRD only,IDA & IBRD total,IDA total,IDA blend,Indonesia,IDA only,Isle of Man,India,Not classified,Ireland,"Iran, Islamic Rep.",Iraq,Iceland,Israel,Italy,Jamaica,Jordan,Japan,Kazakhstan,Kenya,Kyrgyz Republic,Cambodia,Kiribati,St. Kitts and Nevis,"Korea, Rep.",Kuwait,Latin America & Caribbean (excluding high income),Lao PDR,Lebanon,Liberia,Libya,St. Lucia,Latin America & Caribbean,Least developed countries: UN classification,Low income,Liechtenstein,Sri Lanka,Lower middle income,Low & middle income,Lesotho,Late-demographic dividend,Lithuania,Luxembourg,Latvia,"Macao SAR, China",St. Martin (French part),Morocco,Monaco,Moldova,Madagascar,Maldives,Middle East & North Africa,Mexico,Marshall Islands,Middle income,North Macedonia,Mali,Malta,Myanmar,Middle East & North Africa (excluding high income),Montenegro,Mongolia,Northern Mariana Islands,Mozambique,Mauritania,Mauritius,Malawi,Malaysia,North America,Namibia,New Caledonia,Niger,Nigeria,Nicaragua,Netherlands,Norway,Nepal,Nauru,New Zealand,OECD members,Oman,Other small states,Pakistan,Panama,Peru,Philippines,Palau,Papua New Guinea,Poland,Pre-demographic dividend,Puerto Rico,"Korea, Dem. People’s Rep.",Portugal,Paraguay,West Bank and Gaza,Pacific island small states,Post-demographic dividend,French Polynesia,Qatar,Romania,Russian Federation,Rwanda,South Asia,Saudi Arabia,Sudan,Senegal,Singapore,Solomon Islands,Sierra Leone,El Salvador,San Marino,Somalia,Serbia,Sub-Saharan Africa (excluding high income),South Sudan,Sub-Saharan Africa,Small states,Sao Tome and Principe,Suriname,Slovak Republic,Slovenia,Sweden,Eswatini,Sint Maarten (Dutch part),Seychelles,Syrian Arab Republic,Turks and Caicos Islands,Chad,East Asia & Pacific (IDA & IBRD countries),Europe & Central Asia (IDA & IBRD countries),Togo,Thailand,Tajikistan,Turkmenistan,Latin America & the Caribbean (IDA & IBRD countries),Timor-Leste,Middle East & North Africa (IDA & IBRD countries),Tonga,South Asia (IDA & IBRD),Sub-Saharan Africa (IDA & IBRD countries),Trinidad and Tobago,Tunisia,Turkey,Tuvalu,Tanzania,Uganda,Ukraine,Upper middle income,Uruguay,United States,Uzbekistan,St. Vincent and the Grenadines,"Venezuela, RB",British Virgin Islands,Virgin Islands (U.S.),Vietnam,Vanuatu,World,Samoa,Kosovo,"Yemen, Rep.",South Africa,Zambia,Zimbabwe
1990,2.33333326,2.067824648,48.90992219,28.78832072,34.04255319,1.732633546,3.44973247,12.7135335,11.76677204,91.94999695,23.40909134,16.73209846,45.72535723,10.23829266,11.25389408,,51.09081234,25.0255848,11.47729892,30.07321703,0.318840578,51.44855145,43.1640625,38.35535397,70.84743662,18.51851819,57.96639897,65.40988785,14.65116323,78.36812144,53.65045193,24.20552997,36.21304055,38.29907264,31.94439667,29.11786355,4.040404256,20.52769667,16.73800695,32.14465409,51.43957183,70.73641958,66.54758419,58.05948626,26.32992928,14.33002481,50.21543282,86.32263809,19.16201117,,52.91666587,17.43614725,34.02355377,32.36616733,0.241587571,66.66666667,12.81434329,22.87311116,0.69990847,28.69120046,24.78351208,25.77104825,38.37948354,37.2712137,52.84947843,0.044201115,34.37000562,16.04950495,27.64994841,52.04057561,,34.96133274,30.40656555,71.81785351,52.15654211,26.36394442,0.057306586,,85.38052548,11.48266027,39.60282055,37.91421289,0,29.56210321,43.67588933,78.80512091,66.31016043,25.59348332,49.97058756,0.00064384,44.30757745,46.2962963,84.63296927,28.45078444,,72.71427295,35.64588965,33.08889286,4.208998549,20.04005786,34.49388756,33.5316261,30.62121236,24.39780383,65.43771425,32.80114599,6.070175506,21.50518467,,6.749891131,5.572373812,1.838260512,0.160598508,6.099815157,25.80667097,31.8190218,1.10494107,68.43115743,1.267548246,8.300242471,4.358706986,73.32880127,14.99999953,42.30769231,66.03773585,0.193602696,52.59557581,76.45104155,12.8054741,51.17317276,0.123327688,35.73770367,51.03119523,33.97292064,29.83748005,40.625,36.42162335,32.42262476,33.70642257,1.317523057,38.78138069,31.03063178,,51.01614252,,18.38235294,11.10015685,,9.704898083,23.54438216,3.333333333,1.775240626,35.88569665,,34.32900339,35.86315376,5.482752686,1.093749981,60.00856872,2.148237907,46.54275093,8.069208785,,55.16162669,0.402638983,20.24630467,41.32371659,68.10531122,35.65117898,10.6426654,45.89715536,1.535485908,18.92245023,37.51038724,10.21919431,33.21615282,33.68531469,0,36.67919942,30.88162974,0.006462036,27.78328039,3.278071814,67.79661017,60.87578125,21.98410303,,74.25473656,28.99539652,31.9894584,32.35625705,68.10896105,37.55191257,53.25195067,1.508305635,61.55027082,31.12536754,15.0273224,0,27.77850447,49.35646539,12.89014998,16.51076722,0.454484135,,48.55347219,24.40298564,83.02965345,43.19756165,18.19498069,0,13.20177256,28.31008461,32.18828472,,32.18956247,38.08357111,58.33333333,98.91025641,39.95841996,58.98709037,68.38962811,27.44186047,,88.4130395,2.024159321,36.21052792,5.324809403,28.39015255,38.24159373,12.59422688,27.41294604,2.915118605,8.782159045,51.21283383,64.96301278,2.148683893,12.5,16.51076722,32.18956247,46.92007738,4.138774459,12.5021114,33.33333333,63.12937458,23.77758871,16.00759472,34.98666176,4.55833612,33.02230821,7.15796897,64.1025641,58.98305085,24.73333359,67.37142835,28.7658607,36.09515997,31.62450862,45.93639576,,1.039831809,7.617736524,71.0259756,57.29352462
1991,2.33333326,2.067824648,48.80981729,28.71715239,34.04255319,1.727573626,3.541255984,12.60635995,11.75272216,91.75000191,23.34091013,16.73600354,45.80043535,10.2839564,10.89953247,,50.47002483,24.8066524,11.45732522,30.11660534,0.333333339,51.44855145,43.06640625,38.84145139,70.16001647,18.51851819,57.71679273,65.10561859,14.65116323,78.06451497,53.86297964,23.99678894,36.18800024,38.2938938,31.97171585,29.22664569,4.040404256,20.60449176,16.94954797,32.17798619,50.97417021,70.5990577,66.49780381,57.82347059,26.11499026,14.93300256,49.84723759,86.26157545,19.51303493,,52.91666587,17.54978395,34.02355377,32.38163547,0.241587571,66.30666606,12.91413052,23.66176724,0.696213672,28.67368698,24.63791603,25.76437977,38.38616686,37.30066139,52.52366129,0.045707971,34.59264513,16.42534653,28.28415873,52.04057561,,35.11590341,30.29048951,72.00499031,52.30706209,26.51972436,0.057306586,90.87142944,85.38052548,11.55540899,39.60282055,38.038148,0,29.41559499,43.86363576,78.46372341,65.89304987,25.82777309,49.97058756,0.00064384,43.80365808,46.2962963,84.61366126,28.47785963,,71.15560012,35.49078675,33.08889286,4.18359953,20.16913292,34.44160045,33.44931991,30.44820219,24.19256706,64.38139207,32.63931073,6.070175506,21.55398799,,6.996661344,5.58769833,1.841461519,0.173266841,6.196857953,26.07153753,31.78485789,1.10494107,68.41086015,1.267548246,8.095195918,4.358706986,72.53682413,14.99999953,42.30769231,65.95272449,0.20145903,52.35602347,75.96624682,12.8054741,50.86171096,0.123327688,35.63934389,50.80940919,33.80978284,29.69408479,40.87499976,36.27491706,32.21677017,33.62062065,1.324110697,38.7723618,31.03063178,,51.01614252,,18.38235294,11.10889514,,9.704898083,23.42934211,3.333333333,1.780327807,35.78775255,70.22222413,34.2524613,35.86315376,5.418008671,1.093749981,59.34296294,2.153832562,46.54275093,8.016490904,72.69564919,54.88313538,0.393130894,20.28571444,40.97475708,67.86638259,35.65454838,10.55399677,45.89715536,1.486776702,18.47261195,36.92870201,10.26362559,33.21094974,33.04405458,0,36.86187235,30.90200161,0.006462036,27.68308104,3.224755996,67.56389824,60.73718872,22.14240264,83.26086791,74.24877618,29.05351074,31.83632732,34.19503918,67.05589399,37.45027269,52.80166023,1.508305635,62.06931359,31.15324888,16.39344262,0,27.7630088,49.35646539,12.99554139,16.51294957,0.454484135,,48.31974238,24.40298564,82.8295785,42.92601693,17.97779923,0,13.07951,28.31008461,32.03044424,,32.03172558,38.01807485,58.33333333,98.88525391,39.95841996,58.98709037,68.41399815,27.70930268,,88.4130395,2.056807052,36.21052792,5.294711005,28.38214242,38.24894667,12.22835035,28.00133025,2.915118605,8.782159045,50.98692438,64.20981761,2.154282447,12.5,16.51294957,32.03172558,46.78167748,4.263645883,12.57500307,33.33333333,62.67780537,23.33616838,16.00759472,34.95475051,4.88509879,33.03416477,7.15796897,64.35897534,58.65710561,24.73333359,66.48571559,29.4921515,36.09515997,31.56881533,47.38516117,,1.039831809,7.617736524,70.80186502,56.44823575
1992,2.33333326,2.067824648,48.70971239,28.64598629,34.04255319,1.72251157,3.632779499,12.4991864,11.75272238,91.59999847,23.27272675,16.73990862,45.87551347,10.28395602,10.54517086,,49.84923732,24.58772001,11.43735153,30.15999365,0.352112676,51.44855145,43.06640625,38.84145187,69.4730405,18.51851819,57.46718288,64.80135682,14.65116323,77.7609085,54.07551257,23.78804791,36.16295994,38.28871497,32.04927672,29.33542473,4.040404256,20.68128816,17.16108733,32.21132137,50.50876859,70.46170271,66.44802343,57.58746198,25.9000533,15.53846127,49.47904235,86.20056966,19.86405868,,52.91666587,17.66342064,34.02355377,32.39710081,0.241587571,65.96000163,13.00164914,24.45042333,0.692518925,28.65297394,24.49191908,25.75354203,38.39538638,37.33404935,52.19787589,0.047214827,34.83228659,16.04950495,28.91834949,52.21514278,,35.28340004,30.16471518,72.19212712,52.45812661,26.67550431,0.057306586,90.91428484,85.38052548,11.6281567,39.63102548,38.16208311,0,29.26908677,44.05138219,78.1223346,65.47593496,26.06206286,49.97058756,0.00064384,43.29973871,46.2962963,84.59436317,28.50506868,,69.5969273,35.33104959,33.21409408,4.158200235,20.29820798,34.38934439,33.36613288,30.27146555,23.99311115,63.3250699,32.47053179,6.070175506,21.60279001,,7.243286257,5.603023447,1.844662386,0.185935156,6.293900044,26.33640408,31.75069117,1.10494107,68.39056286,1.263325591,7.890150223,4.383628933,71.74484699,14.99999953,42.30769231,65.8677182,0.209315377,52.11647628,75.48145208,12.8054741,50.55024917,0.123327688,35.54098411,50.58762756,33.64211941,29.54472162,41.12499952,36.12821077,32.01317192,33.53410141,1.330698337,38.76538771,31.26994257,,51.23480686,,18.38235294,11.11763344,,9.735320961,23.31430374,3.333333333,1.785412784,35.68980844,70.22222413,34.17605463,36.22493166,5.353264656,1.093749981,58.67735716,2.15942733,46.54275093,7.963773652,72.34782343,54.60464407,0.383622775,20.32512233,40.62579498,67.62745396,35.65791778,10.46532813,45.89715536,1.4380674,18.02277151,36.34701679,10.30805687,33.20574935,32.40279789,0,37.04454899,30.92364343,0.006462036,27.58624988,3.171440495,67.33117975,60.59859619,22.30070061,83.56521441,74.2428158,29.11162496,31.67893024,36.03382132,66.00282287,37.34863281,52.35136979,1.508305635,62.09158905,31.18060062,17.75956284,0,27.76082977,49.36034735,13.1009328,16.51513131,0.454484135,,48.08601257,24.40298564,82.62951228,42.6544756,17.76061776,0,12.95724822,28.31008461,31.86885448,,31.87013949,37.92999216,58.33333333,98.86025766,39.95841996,59.43396226,68.43836818,27.9767449,,88.4130395,2.089454783,36.21052792,5.264612607,28.36930334,38.25909967,11.86247494,28.58971637,2.917976521,8.782159045,50.76101989,63.45662243,2.159881114,12.5,16.51513131,31.87013949,46.64327462,4.388516914,12.647896,33.33333333,62.22623617,22.8947505,16.08906567,34.92222342,5.21186146,33.04602133,7.23648308,64.61538657,58.33116037,24.66666698,65.59999738,30.21843929,36.09515997,31.62046722,48.83392118,,1.039831809,7.617736524,70.5777597,55.60294688
1993,2.33333326,2.067824648,48.60961062,28.57481796,34.04255319,1.717451703,3.724303013,12.39201428,11.74569701,91.45000458,23.20454554,16.7438137,45.95059455,10.30798957,10.19081044,,49.2284498,24.36878584,11.4173769,30.20337976,0.36619717,51.44855145,43.01757813,39.08449962,68.78605917,18.51851819,57.21757665,64.49708757,14.65116323,77.45730782,54.28804028,23.57930515,36.1379165,38.28353271,32.10549862,29.44420687,4.040404256,20.75808325,17.37262669,32.24465347,50.04336697,70.32434083,66.39824305,57.35144632,25.68511428,16.14143996,49.11085189,86.13953173,20.21508471,,52.91666587,17.77705568,34.05461243,32.41349735,0.241587571,65.60000102,13.10134373,25.23908195,0.688824127,28.63226057,24.05414758,25.74270409,38.4096864,37.37070972,51.87209049,0.048721684,35.06345095,15.91584158,29.5525598,52.30243212,14.6912998,35.44572702,30.04083125,72.37926393,52.60864659,26.83128604,0.057306586,90.95714024,85.38052548,11.70090542,39.64297077,38.28601393,0,29.12257854,44.23913164,77.7809371,65.0588244,26.29635452,49.97058756,0.00064384,42.79581934,46.2962963,84.57505517,28.53166083,,68.03825011,33.9942041,33.27669469,4.132801216,20.42955763,34.33880364,33.08513615,29.45192451,23.79044215,62.26875204,31.32480633,6.070175506,21.65159333,,7.49005647,5.618347964,1.847863393,0.19860349,6.39094284,26.6012723,31.71652726,1.10494107,68.37027093,1.261214173,7.685103669,4.395046771,70.95286432,14.99999953,42.30769231,65.78270685,0.217171711,51.87692442,74.99666581,12.8054741,50.23878738,0.123327688,35.44262433,50.36584197,32.41884862,28.32002173,41.37499928,35.9815006,31.80729594,33.24561482,1.337285852,38.7606379,31.38959796,,51.34413551,,18.38235294,11.12637283,,9.726858877,23.19926369,3.333333333,1.7905,35.59186032,70.22222413,34.10090914,36.40581942,5.28852064,1.093749981,58.01175138,2.165022041,46.54275093,7.911055772,71.99999768,54.32615275,0.374114685,20.36453209,40.27683548,67.38852534,35.66128717,10.3766595,45.89715536,1.389358194,17.57293322,35.76533156,10.35248815,33.20054627,31.76153778,0,37.22722192,30.94474731,0.006462036,27.48786555,3.118124677,67.09846782,60.45999756,22.45900023,83.8695692,74.23684679,29.16974237,31.52290685,37.87260346,64.94975581,37.2469956,51.90108427,1.508305635,62.11370603,31.20833337,19.12568306,0,27.75865075,49.37364901,13.20632297,16.51731358,0.454484135,,47.85228276,24.40298564,82.42943734,42.38293088,17.54343629,0,12.83498566,28.31008461,30.90732159,,30.90856692,37.84071992,58.33333333,98.83525516,39.95218194,59.65739821,68.46273822,28.24418534,,88.4130395,2.122102514,36.21052792,5.234513822,28.3564639,38.27407915,11.49659842,29.17810058,2.919405588,8.782159045,50.53511089,62.70343137,2.165479725,12.5,16.51731358,30.90856692,46.50487472,4.513388338,12.72078766,33.33333333,61.77466697,22.45333018,16.1298003,34.89223257,5.538624129,33.0578813,7.275740709,64.87179292,58.00521512,24.66666698,64.71428462,30.94473008,36.09515997,31.56550897,50.28268659,,1.039831809,7.617736524,70.35364912,54.75765801
1994,2.33333326,2.067824648,48.50950572,28.50364964,34.04255319,1.712392723,3.815826528,12.28484073,11.73867272,91.25,23.13636433,16.74771878,46.02567267,10.33202312,9.836448836,,48.60766229,24.14985344,11.39740321,30.24676807,0.394366199,51.44855145,42.96875,39.32754977,68.09907785,18.51851819,56.9679668,64.1928258,14.65116323,77.15370135,63.98065155,23.37056412,36.11287619,38.27835388,32.15870758,29.55298591,4.040404256,20.83487965,17.58416771,32.27798865,49.57796535,70.18698584,66.34846266,57.1154377,25.47017731,16.74689773,48.74265666,86.07850101,20.56610846,,52.91666587,17.89069238,34.06496637,32.42989204,0.241587571,65.24000041,13.20103689,26.02773803,0.68512938,28.61154725,23.91280339,25.73186617,38.42589103,37.4088446,51.54627334,0.05022854,35.29468365,15.87128713,30.18674861,52.38971571,14.55040039,35.60720956,29.91764464,72.56640074,52.75971445,26.98706599,0.057306586,90.98571232,85.38052548,11.77365313,39.65491606,38.40994904,0,28.97607032,44.42687807,77.43954828,64.64170949,26.53064429,49.97058756,0.00064384,42.29189996,46.2962963,84.55575708,28.55820419,,66.47957728,33.83747639,33.3392953,4.107401921,20.55864706,34.28876632,33.0055077,29.28571971,23.58813912,61.21242986,31.17126511,6.070175506,21.70039535,,7.736681383,5.633672481,1.85106426,0.211271823,6.487984931,26.86613885,31.68236335,1.10494107,68.34997364,1.259102845,7.480057974,4.406464928,70.16088718,14.99999953,42.30769231,65.69770055,0.225028071,51.63737625,74.51187107,12.8054741,49.92732558,0.123327688,35.34426142,50.1440594,32.26714469,28.17371494,41.62499905,35.83479431,31.6124145,33.16279135,1.343873493,38.75686696,31.50925335,,51.45346808,,18.38235294,11.13511113,,9.744990893,23.08422532,3.333333333,1.795588062,35.49391622,70.22222413,34.02923841,36.58670957,5.223776625,1.093749981,57.34614561,2.170616697,46.54275093,7.85833852,71.63043644,54.04766144,0.364606566,20.40393998,39.92787338,67.14959671,35.66465657,10.28799087,45.89715536,1.340648892,17.12309386,35.18364634,10.39691943,33.19534588,31.12028109,0,37.40989856,30.96580114,0.006462036,27.48279185,3.064809176,66.86574932,60.32140503,22.6172982,84.19565118,74.23088641,29.22785659,31.36739048,39.7113856,63.8966847,37.14535572,51.45079383,1.508305635,62.13598244,31.23600495,20.49180328,0,27.75042482,49.39020901,13.31171439,16.54345642,0.454484135,,47.61855295,24.40298564,82.22937112,42.11138955,17.32625483,0,12.71272387,28.31008461,30.74828121,,30.74952999,37.8559448,58.33333333,98.81025891,39.95010344,59.88083416,68.48710825,28.51162755,,88.4130395,2.154750245,36.21052792,5.204415424,28.34362581,38.29092684,11.13072301,29.7664867,2.920834437,8.782159045,50.30920545,61.95023619,2.171078279,12.5,16.54345642,30.74952999,46.36647185,4.638259369,12.79368059,33.33333333,61.32309776,22.01191229,16.17053662,34.86285277,5.865387148,33.06973786,7.314997764,65.12820415,57.67926988,24.60000038,63.82857186,31.67101788,36.09515997,31.51249559,51.73144661,,1.039831809,7.617736524,70.1295438,53.91236914
1995,2.33333326,2.067824648,48.40940082,28.43248131,34.04255319,1.707332812,3.907350042,12.17766718,11.73164735,91.09999657,23.06818095,16.75162386,46.10075079,10.35605667,9.482087227,,47.98687478,23.93092105,11.37742952,30.29015638,0.408450692,51.44855145,42.91992188,39.57059752,67.41166305,18.51851819,56.71836056,63.88855654,14.65116323,76.85009488,64.23015345,23.16182309,36.08783589,38.27317504,32.21395238,29.66176804,4.040404256,20.91167475,17.79572602,32.31132075,49.11256373,70.04962396,66.29868228,56.87942204,25.25523829,17.34987548,48.37446142,86.01743863,20.91713222,,52.91666587,18.00432907,34.07532031,32.44629046,0.241587571,64.8799998,13.30073004,26.81639412,0.681434581,28.59085152,23.76643387,25.72103851,38.43899462,37.44448892,51.22048795,0.051735396,35.52592631,15.82673267,30.82095893,52.47699929,14.4095,35.76928903,29.79445744,72.75353754,52.91023442,27.14284593,0.057306586,91.02857317,85.38052548,11.84640185,39.66685784,38.53388415,0,28.8295621,44.61462451,77.09815078,64.22459893,26.76493406,49.97058756,0.00064384,41.78798059,46.2962963,84.53644907,28.58474781,,64.92090446,33.68074743,33.4018959,4.082002903,20.68773648,34.23782412,32.92277578,29.11100081,23.38583177,60.15610769,31.00567309,6.070175506,21.74919867,,7.983451596,5.648996999,1.854265267,0.223940157,6.585027726,27.13100541,31.64819945,1.10494107,68.32967636,1.256991518,7.275011421,4.417883084,69.36891004,14.99999953,42.30769231,65.6126892,0.232884405,51.39782438,74.02707634,12.8054741,49.61586379,0.123327688,35.24590164,49.9222733,32.1028049,28.02740677,41.87499881,35.68808802,31.40660992,33.07681128,1.350461133,38.75151067,31.62890874,,51.56280066,,18.38235294,11.14384943,,9.76313392,22.96918527,3.333333333,1.800675235,35.39597212,70.22222413,33.95376881,36.76759733,5.15903261,1.093749981,56.68053983,2.176211352,46.54275093,7.805620639,71.28261069,53.76917012,0.355098477,20.44334975,39.57891387,66.91066809,35.66802597,10.19932223,45.89715536,1.291939686,16.6732545,34.60196111,10.44135071,33.1901428,30.47902098,0,37.59257149,30.9868555,0.006462036,27.38407282,3.011493358,66.6330374,60.1828125,22.77559781,84.49999768,74.22492603,29.28597081,31.21187283,41.55016773,62.84361764,37.04371585,51.0005034,1.508305635,62.15809942,31.26367681,21.8579235,0,27.75066452,49.40105111,13.4171058,16.54564199,0.454484135,,47.38482314,24.40298564,82.02929618,41.83984483,17.10907336,0,12.59046131,28.31008461,30.58923924,,30.59049146,37.76642187,58.33333333,98.78525641,39.94802495,60.10427011,68.51147829,28.77906977,,88.4130395,2.187397976,36.21052792,5.174317027,28.33080398,38.30473333,10.76484648,30.35487091,2.922263504,8.782159045,50.08329645,61.19704102,2.176676833,12.5,16.54564199,30.59049146,46.22806899,4.763130793,12.86657225,33.33333333,60.87152856,21.57049197,16.21127125,34.83238286,6.192149469,33.08159442,7.354254819,65.38461538,57.35332464,24.60000038,62.91428702,32.39730867,36.09515997,31.45734387,53.18021201,,1.039831809,7.617736524,69.90543322,53.06708026
1996,2.33333326,2.067824648,48.30929592,28.36131298,34.04255319,1.702273791,3.998873557,12.07049363,11.72462198,90.95000267,22.99999974,16.75552894,46.17582891,10.38009022,9.127725619,,47.36608726,23.71198866,11.35745582,30.33354469,0.436619722,51.44855145,42.87109375,39.81364526,66.72468173,18.51851819,56.46875433,63.58428729,14.65116323,76.54648841,64.47964922,22.95308206,36.06279558,38.26799621,32.26569502,29.77130222,4.040404256,20.98846984,18.00728645,32.34465286,48.64716211,69.91226208,66.2489019,56.64340638,25.04029927,17.95285322,48.00626618,85.95642541,21.26815597,,52.91666587,18.11796576,34.08567424,32.46268982,0.241587571,64.53333537,13.40042463,27.60505021,0.677739783,28.57015625,23.62006473,25.71031626,38.44769808,37.47649441,50.89470607,0.053242252,35.75716325,15.78217822,31.45514969,52.56428288,14.26859961,35.93034188,29.67127023,72.94067435,53.0607544,27.29862588,0.057306586,91.07142857,85.38052548,11.91915057,39.67880313,38.65781926,0,28.68305388,44.80237094,76.75675328,63.80748837,26.99922383,49.97058756,0.00064384,41.28406122,46.2962963,84.51714107,28.61131622,,63.36223164,33.52401847,33.42265095,4.056603884,20.8168259,34.18557306,32.83910341,28.93626977,23.18348653,59.09978551,30.84008062,6.070175506,21.798002,,8.230076509,5.664321516,1.857466274,0.236608472,6.682070522,27.39587196,31.61403554,1.10494107,68.32811964,1.25488019,7.069965296,4.429301241,68.5769329,14.99999953,42.30769231,65.52767784,0.240740739,51.1582736,73.54224775,12.8054741,49.30440199,0.123327688,35.14754186,49.70048824,31.93846466,27.88109861,42.12499857,35.54138174,31.20078926,32.98989975,1.357048773,38.74390044,31.74856414,,51.67213323,,18.38235294,11.15258773,,9.778317643,22.85414522,3.333333333,1.805763298,35.29802802,70.22222413,33.87717753,36.94848508,5.094288594,1.093749981,56.01493405,2.181806007,46.54275093,7.752902758,70.91304116,53.49067881,0.345590387,20.48275952,39.22995437,66.67173946,35.67139536,10.1106536,45.89715536,1.24323048,16.22341514,34.02027588,10.48578199,33.18493973,29.83776087,0,37.77524442,31.00800021,0.006462036,27.28535859,2.95817754,66.40032547,60.04421997,22.93389743,84.80434418,74.21896564,29.34408503,31.05635519,43.38782481,61.79055058,36.94207597,50.55021296,1.508305635,62.18021635,31.29137922,23.22404372,0,27.74485884,49.40426418,13.52249721,16.54782751,0.454484135,,47.15109334,24.40298564,81.82922123,41.56830012,16.89189189,0,12.46819875,28.31008461,30.43019728,,30.43145294,37.67691081,58.33333333,98.76025391,39.94594645,60.32770606,68.53584832,29.04651198,,88.4130395,2.220045707,36.21052792,5.144218629,28.31798262,38.31410756,10.39896995,30.94325512,2.923692571,8.782159045,49.85738849,60.44384585,2.182275387,12.5,16.54782751,30.43145294,46.08966909,4.888002217,12.93946391,33.33333333,60.41995936,21.12907164,16.25200588,34.80037412,6.51891179,33.09345098,7.393511874,65.64102662,57.0273794,24.60000038,62.02856881,33.12359947,36.09515997,31.40158623,54.62897742,,1.039831809,7.617736524,69.68132264,52.22179139
1997,2.33333326,2.067824648,48.20919101,28.29014688,34.04255319,1.697213921,4.090397071,11.9633208,11.71759769,90.74999809,22.93181853,16.75943402,46.25090703,10.40412377,8.773364605,,46.74529975,23.49305627,11.33748213,30.376933,0.450704215,51.44855145,42.82226563,40.05669541,66.03770041,18.51851819,56.21914448,63.28002552,14.65116323,76.24288193,64.72914499,22.74434103,36.03775528,38.26281738,32.32181524,29.8808407,4.040404256,21.06526624,18.21882626,32.37798804,48.18176049,69.77490709,66.19912152,56.40740128,24.8253623,18.55831288,47.63807094,85.89539469,21.61917972,,52.91666587,18.23160246,34.09602818,32.48187883,0.241587571,64.17333476,13.50011778,28.3937063,0.674045036,28.54944193,23.47369541,25.69947806,38.45456555,37.41314238,50.56892068,0.054749108,35.98881715,15.73762376,32.08936001,52.65156646,14.1277002,36.09293548,29.54808362,73.12781116,53.21182226,27.45440583,0.057306586,91.10000065,85.38052548,11.99189828,39.69074842,38.78175438,0,28.53654566,44.99011737,76.41536447,63.39037346,27.23351359,49.97058756,0.000535997,40.78014184,46.2962963,84.49784298,28.58180774,,61.80355881,33.36729076,33.48517328,4.031204589,20.95991037,34.13281608,32.75507375,28.76155221,22.98118176,58.04346334,30.67448949,6.070175506,21.84680401,,8.476846722,5.679646033,1.860667142,0.249276806,6.779112613,27.66073852,31.57987163,1.10494107,68.30781679,1.252768862,6.864919172,4.440719398,67.78495576,14.99999953,42.30769231,65.44267155,0.248597072,50.91872619,73.05745302,12.8054741,48.9929402,0.123327688,35.04917895,49.4787064,31.77412617,27.73479181,42.37500131,35.39467545,30.99498427,32.90259956,1.363636414,38.73534408,31.86821953,,51.7814658,,18.38235294,11.16132602,,9.796476306,22.73910685,3.333333333,1.810850469,35.20008391,70.22222413,33.80011752,37.12937523,5.029544579,1.093749981,55.34932827,2.187400662,46.54275093,7.700185506,70.5652154,53.21218749,0.336082268,20.52216741,38.88099227,66.43281084,35.67476476,10.02198496,45.89715536,1.194521178,15.77357578,33.43859066,10.53021327,33.17973934,29.19650418,0,37.95792106,31.02913672,0.006462036,27.18664443,2.904862039,66.16760697,59.90562744,23.0921954,85.13043445,74.21300526,29.40219925,30.90083881,45.22660695,60.73747946,36.84043609,50.09992252,1.508305635,62.20249281,31.31914184,24.59016393,0,27.7414717,49.404129,13.62788862,16.55001236,0.454484135,,46.91736353,24.40298564,81.62915501,41.29675878,16.67471042,0,12.34593697,28.31008461,30.27115689,,30.272416,37.58740105,58.33333333,98.73525766,39.94386796,60.55114201,68.56021836,29.3139542,,88.4130395,2.252693438,36.21052792,5.114120231,28.30514353,38.32179771,10.03309454,31.53164124,2.92512142,8.782159045,49.63148379,59.69065068,2.187873942,12.5,16.55001236,30.272416,45.95126622,5.012873248,13.01235684,33.33333333,59.96839016,20.68765376,16.2927422,34.76771149,6.845674808,33.10530753,7.432768929,65.89743785,56.70143416,24.53333378,61.14285605,33.84988726,36.09515997,31.32902206,56.07773744,,1.039831809,7.617736524,69.45721732,51.37650252
1998,2.33333326,2.067824648,48.10908925,28.21897855,34.04255319,1.692154943,4.181920586,11.85614725,11.71057232,90.6000042,22.86363732,16.7633391,46.3259881,10.44384498,8.419002996,,46.12451224,23.27412209,11.3175075,30.4203191,0.478873244,51.44855145,42.7734375,40.29974316,65.35072444,18.51851819,55.96953825,62.97575627,14.65116323,75.93928125,64.97838926,22.53559827,36.01271183,38.25763512,32.37676893,29.99038595,4.040404256,21.14206133,18.43036607,32.41132014,47.71635887,69.63754521,66.14934114,56.1713821,24.61042329,19.16129063,47.26988049,85.83435706,21.97020575,,52.91666587,18.3452375,34.10637896,32.50014382,0.241587571,63.81333415,13.59981094,29.18236491,0.670350238,28.52872847,23.34739067,25.68863962,38.45822444,37.44123226,56.00458932,0.056255965,36.22033484,15.69306931,32.72355077,52.73885581,13.9867998,36.25510164,29.42489593,73.31494796,53.36234224,27.61018756,0.057306586,91.14285605,85.38052548,12.064647,39.70269019,38.9056852,0,28.39003744,45.17786682,76.07396697,62.9732629,27.46780526,49.97058756,0.000535997,40.27622247,46.2962963,84.47853497,28.60837354,,60.24488162,33.21056155,33.58969773,4.005805571,21.0890874,34.0931515,32.68037474,28.58683217,22.77887227,56.98714547,30.50889659,6.070175506,21.89560734,,8.723472521,5.694970551,1.863868149,0.261945139,6.876155409,27.92560673,31.54570772,1.10494107,68.28751929,1.250657444,6.659872619,4.452137554,66.99297309,14.99999953,42.30769231,65.35766019,0.256453433,50.75504974,72.57265828,12.8054741,48.68147841,0.123327688,34.95081917,49.32691387,31.60978579,27.58848343,42.62500107,35.24796527,30.78917901,32.82476119,1.370223929,38.72514529,31.98787492,,51.89079445,,18.38235294,11.17006542,,9.814646004,22.6240668,3.333333333,1.815938575,35.10213579,70.22222413,33.73447047,37.31026299,4.964800564,1.093749981,54.6837225,2.192995374,46.54275093,7.647467626,70.19565416,52.93369618,0.326574179,20.56157718,38.53203276,66.19388221,35.67813416,9.933316328,45.89715536,1.145811972,15.32373749,32.85690543,10.57464455,33.17453626,28.55524407,0,38.14059399,31.0502095,0.006462036,27.08792495,2.851546221,65.93489505,59.76702881,23.25049501,85.43478095,74.20703625,29.46031666,30.74532128,47.06538909,59.6844124,36.73879888,49.649637,1.508305635,62.22460974,31.34690438,25.95628415,0,27.73204408,49.39807891,13.73327879,16.5521957,0.454484135,,46.68363372,24.40298564,81.42908007,41.02521406,16.45752896,0,12.22367441,28.31008461,30.11211492,,30.11337747,37.49788177,58.33333333,98.71025516,39.94178693,60.77457795,68.58458839,29.58139464,,88.4130395,2.285341169,36.21052792,5.084021446,28.29230401,38.32645742,9.667218014,32.12002737,2.926550487,8.782159045,49.47623258,58.93745961,2.193472552,12.5,16.5521957,30.11337747,45.81286633,5.137744672,13.0852485,33.33333333,59.51682095,20.24623343,16.33347684,34.75086002,7.172437129,33.11716751,7.472026558,66.1538442,56.37548892,24.53333378,60.25714329,34.57617806,36.09515997,31.27943768,57.52650285,,1.039831809,7.617736524,69.23310674,50.53121365
1999,2.33333326,2.067824648,48.00898434,28.14781022,34.04255319,1.687095963,4.2734441,11.74897441,11.70354802,90.39999962,22.79545394,16.76724418,46.40106622,10.51689726,8.064641982,,45.50372473,23.0551897,11.29753381,30.46370741,0.507042274,51.44855145,42.72460938,40.54279331,64.66330428,18.51851819,55.7199284,62.67149076,14.65116323,75.63567478,65.22789116,22.32685724,35.98767153,38.25245628,32.43113618,30.09993551,4.040404256,21.21885773,18.64190754,32.44465532,47.25095725,69.50019023,66.09956076,55.935377,24.39548632,19.76675029,46.90168525,85.77332624,22.3212295,,52.91666587,18.45887419,34.1167329,32.51934096,0.241587571,63.46666463,13.69950553,29.971021,0.666655491,28.50801582,23.20089584,25.67780209,38.45466419,37.4634317,55.64144931,0.057762821,36.45200133,15.64851485,33.35775913,52.82613939,13.84590039,36.41718779,29.30171009,73.50208477,53.5134101,27.7659675,0.057306586,91.1857169,85.38052548,12.13739471,39.71463548,39.02962031,0,28.24352922,45.36561325,75.73257815,62.55614799,27.70209503,49.97058756,0.000535997,39.7723031,46.2962963,84.45923689,28.63489095,,58.6862088,33.05383382,33.65229834,3.980406275,21.21826308,34.03736797,32.5941821,28.41211523,22.57656782,55.9308233,30.34330611,6.070175506,21.94440935,,8.970242734,5.710295068,1.867069016,0.274613473,6.9731975,28.19047162,31.511541,1.10494107,68.26721644,1.248546117,6.454826495,4.463555711,66.20099595,14.99999953,42.30769231,65.2726539,0.264309766,50.51514209,72.08787201,12.8054741,48.37001661,0.123327688,34.85245939,49.10481537,31.4454474,27.4421766,42.87500083,35.10125899,30.58337422,32.73526153,1.376811569,38.71125893,32.10753031,,52.00012702,,18.38235294,11.17880371,,9.832826748,22.50902843,3.333333333,1.821026637,35.00419169,70.22222413,33.65476019,37.49115314,4.900056549,1.093749981,54.01811672,2.198590029,46.54275093,7.594750374,69.84782841,52.65520486,0.31706606,20.60098507,38.18307067,65.95495358,35.68150356,9.844647694,45.89715536,1.097102669,14.87389813,32.27522021,10.61907583,33.16933587,27.91398567,0,38.32327063,31.07129205,0.006462036,26.98921584,2.79823072,65.70217655,59.62843628,23.40879299,85.73912745,74.20107587,29.51843088,30.58980488,48.90417123,58.63134129,36.637159,49.19934657,1.508305635,62.24688621,31.37460746,27.32240437,0,27.72865854,49.37829156,13.8386702,16.55438055,0.454484135,,46.44990391,24.40298564,81.22901385,40.75367273,16.24034749,0,12.10141262,28.31008461,29.95307452,,29.95434052,37.40837611,58.33333333,98.68525891,39.93970843,60.9980139,68.60895842,29.84883863,,88.4130395,2.3179889,36.21052792,5.053923048,28.27946597,38.32391893,9.301342046,32.70841158,2.927979335,8.782159045,49.25000327,58.18426444,2.199071107,12.5,16.55438055,29.95434052,45.67446346,5.262615703,13.15814143,33.33333333,59.06525175,19.80481433,16.37421315,34.71453917,7.499200147,33.12902406,7.511283613,66.41025543,56.04954368,24.46666718,59.37143053,35.30246585,36.09515997,31.22196499,58.97526286,,1.039831809,7.617736524,69.00900142,49.68592478
2000,2.33333326,2.067824648,47.90887944,28.07664189,34.04255319,1.682036052,4.364967615,11.64180086,11.69652266,90.24999619,22.72727273,16.77114927,46.47614434,10.55384042,7.710280374,22.03764821,44.88293721,22.83625731,11.27756011,30.50709572,0.521126767,51.44855145,42.67578125,40.78584106,63.97632831,18.51851819,55.47032216,62.36722524,14.65116323,75.33206831,65.47738693,22.11811621,35.96263122,38.24727745,32.48785447,30.20949371,4.040404256,21.29565282,18.85346743,32.47798742,46.78555563,69.36282835,66.04978038,55.69936134,24.1805473,20.36972614,46.53349001,85.71228863,22.67225326,,52.91666587,18.57251089,34.12708684,32.53761284,0.241587571,63.10666911,13.79919868,30.75967709,0.662960693,28.51314928,23.05415702,25.68218426,38.47491067,37.48837421,55.27830537,0.059269677,36.52300929,15.6039604,34.02192275,52.91342298,13.705,36.47933996,29.17852289,73.68922158,53.66393007,27.92169765,0.057306586,91.2285723,85.38052548,12.21014343,39.72658077,39.15355542,0,28.097021,45.55335968,75.39118065,62.13903743,27.93638479,49.97058756,0.000535997,39.26838373,46.2962963,84.43992888,28.65426256,,57.12753597,32.89710488,33.71489894,3.955007257,21.39031466,33.99551977,32.51778527,28.23699488,22.37429502,54.87450112,30.17712723,6.070175506,21.99321268,,9.216867647,5.725619586,1.870270023,0.287281788,7.070240296,28.45533984,31.47737709,1.10494107,68.24691358,1.246434789,6.24978037,4.474973868,65.40901881,14.99999953,42.30769231,65.18764255,0.2721661,50.27523373,71.60307727,12.8054741,48.05855482,0.123327688,34.75409961,48.88271667,31.2804913,27.29516867,43.1250006,34.9545527,30.39934355,32.65571996,1.383399209,38.7220969,32.22718571,35.67901109,52.1094596,,18.38235294,11.18754201,,9.854014599,22.39398838,3.333333333,1.82611381,34.90624759,70.22222413,33.58721882,37.6720409,4.835312533,1.093749981,53.35251094,2.204184684,46.54275093,7.542032493,69.47825888,52.37671355,0.30755797,20.64039484,37.83411116,65.71602496,35.6790869,9.75597906,45.89715536,1.048393463,14.42405876,31.69353498,10.66350711,33.16413279,27.20613882,0,38.50594356,31.08262601,0.006462036,26.89049667,2.744914902,65.46946462,59.48984375,23.5670926,86.06521772,74.19511549,29.5765451,30.43428726,50.74295336,57.57827423,36.53551913,48.74905613,1.508305635,62.26915893,31.39128896,28.68852459,0,27.7132036,49.40184991,13.94406161,16.55535211,0.454484135,,46.2161741,24.40298564,81.02893891,40.48212801,16.02316602,0,11.97915006,28.31008461,29.79403257,,29.79530201,37.31886108,58.33333333,98.66025641,39.93762994,61.22144985,68.63332846,30.11627907,,88.4130395,2.350636631,36.21052792,5.023824651,28.29246887,38.34473231,8.935466078,33.29679579,2.929408402,8.782159045,49.02377325,57.43106927,2.204669661,12.5,16.55535211,29.79530201,45.53606357,5.387487127,13.23103309,33.33333333,58.61368255,19.36339523,16.41494779,34.68653878,7.825962468,33.13017359,7.550540668,66.66666667,55.72359844,24.46666718,58.48571232,37.70012216,36.09515997,31.17069019,60.42402827,,1.039831809,7.617736524,68.78489084,48.84063591
2001,2.33333326,2.067824648,47.80877454,28.17226215,34.04255319,1.683075647,4.370599745,11.51946301,11.68949729,90.10000229,22.63636372,16.73990862,46.50763015,10.56704232,7.577881858,22.08322301,44.43951756,22.61769077,11.25758642,31.00605578,0.549295754,51.44855145,42.67578125,40.94655694,63.60149057,18.51851819,55.21979282,62.01930094,14.65116323,75.02846184,65.7268827,21.90919769,35.93759092,38.24230825,32.61872176,30.32664425,4.040404256,21.35160147,19.19525698,32.52641632,46.32015401,69.22546647,66,55.4114642,23.85814082,20.44416858,46.98394046,85.667877,23.16014807,,52.91666587,18.59956717,34.1529701,32.55947263,0.241587571,62.7466685,13.66815938,31.44690439,0.659349897,28.6530355,22.98631765,25.76417396,38.48246479,37.50776782,54.96126465,0.060876989,36.63275463,15.5603958,34.17710564,52.95588697,13.564,36.57832445,29.06577245,73.49092094,53.84783732,28.13062257,0.057306586,91.25714438,85.38052548,12.26553095,39.76082862,39.28012571,0,27.95051278,45.75098814,75.04978316,61.72549107,28.17067456,49.97058756,0.000535997,38.76446435,46.2962963,84.41960884,28.66517647,,56.05505407,32.74997445,33.7792877,3.92597957,21.53760267,33.97964449,32.46867466,28.09166145,22.20866344,54.7031589,30.03851103,6.070175506,22.14920569,,9.390767785,5.893391244,1.87347103,0.302643393,7.088724302,28.72054673,31.44598315,1.10494107,68.27928884,1.244360448,6.42196999,4.486444213,64.4856107,14.99999953,42.30769231,64.93074119,0.280022434,50.02211089,71.90091191,12.91300157,47.74709302,0.123327688,34.6557367,48.64529285,31.14037977,27.15963949,43.1250006,34.71854491,30.31945736,32.60426829,1.38998685,38.72022243,32.54945678,35.67901109,52.2895347,,18.38235294,11.37037889,,10.0912405,22.33036421,3.333333333,1.859316337,34.82671799,70.22222413,33.55038779,37.80574221,4.770568518,1.093749981,52.87909166,2.247195149,46.54275093,7.489379358,69.13043312,52.09466062,0.297855826,20.27586199,37.48408994,65.28930385,35.68998773,9.665852621,45.89715536,1.038604228,13.97432984,31.11184976,10.69312796,33.1526331,26.83780922,0,38.53936351,31.0913951,0.006462036,26.78849522,2.689393876,65.24078558,59.39312744,23.59861791,86.36956422,74.18893084,29.66861535,30.29689622,51.03156639,56.52520717,36.43278795,48.29952276,1.51162797,62.23987673,31.40460026,30.05464481,0,27.73497018,49.39872265,14.27644962,16.6309245,0.454484135,,45.98244429,24.40298564,80.83601635,40.2105833,15.80115801,0,11.85672872,28.31008461,29.65026068,,29.65153323,37.22804697,58.33333333,98.63461538,39.98336697,61.32075472,68.6601355,30.38371951,,88.4130395,2.382196038,36.21052792,4.994440915,28.44145822,38.35354609,8.567751425,32.94016477,2.929408402,8.782159045,48.78207343,56.6778741,2.247707786,12.5,16.6309245,29.65153323,45.39571245,5.487898916,13.35550824,33.33333333,58.16211334,18.92297683,16.43738673,34.66457402,7.999771427,33.15682603,7.589562994,66.66666667,55.39753805,24.46666718,57.48571668,38.56440258,36.09515997,31.13581978,60.42402827,,1.039831809,7.617736524,68.56078026,47.99534703
2002,2.33333326,2.067824648,47.70866964,28.26788241,34.04255319,1.684114311,4.376231875,11.39712587,11.68247299,89.89999771,22.54545472,16.70866798,46.539113,10.57832485,7.445482747,22.12879781,43.99609791,22.39912245,11.23761273,32.03492557,0.56338029,51.44855145,42.67578125,41.10930432,63.226214,18.51851819,54.96925987,61.67137665,14.65116323,74.72485537,65.97638461,21.7002809,35.91255061,38.23733561,32.79916191,30.44380259,4.040404256,21.40755143,19.53703617,32.57484215,45.85475239,69.08811148,65.95021962,55.12357763,23.53573229,20.51861103,47.43439091,85.62344065,23.87254487,,52.91666587,18.62662344,34.17885337,32.58040475,0.241587571,62.38666789,13.53712008,32.13413423,0.655739102,28.79394436,22.91847861,25.84700053,38.4904876,37.5261577,54.64422785,0.062484304,36.72867893,15.5168312,34.26378647,52.99835097,13.423,36.68303981,28.95302358,73.29262031,54.03229244,28.33954571,0.057306586,91.29999978,85.38052548,12.32091948,39.79507997,39.40669601,0,27.80400456,45.9486166,74.70839434,61.3119447,28.40496433,49.97058756,0.000535997,38.26054498,46.2962963,84.3992888,28.6754485,,54.98257217,32.60284483,33.84367647,3.89695216,21.68489204,33.96418029,32.41985556,27.94632981,22.04303337,54.53181667,29.89989672,6.070175506,22.30520134,,9.564523507,6.061169497,1.876671897,0.318004979,7.107209013,28.98575363,31.41458922,1.10494107,68.31165874,1.242286198,6.594159609,4.497914558,63.56220258,14.99999953,42.30769231,64.82900924,0.287878794,49.77163056,72.19878886,13.02052756,47.43563123,0.123327688,34.55737692,48.410308,31.00026965,27.02411139,43.1250006,34.48253711,30.24044316,32.55346931,1.39657449,38.71746974,32.87172786,35.67901109,52.4696098,,18.38235294,11.55321576,,10.32846734,22.26674004,3.333333333,1.892518933,34.74718839,70.22222413,33.51434565,37.93944112,4.705824503,1.093749981,52.4056664,2.290206859,46.54275093,7.436726223,68.78260737,51.81260769,0.288153682,19.91132915,37.13406873,64.86257681,35.70088857,9.575726776,45.89715536,1.028814993,13.52459985,30.53016453,10.72274882,33.1411334,26.46947961,0,38.57278345,31.09946042,0.006462036,26.68648983,2.633873008,65.01210654,59.29640503,23.63014322,86.67391072,74.18274619,29.76068559,30.15950613,51.31905436,55.47213605,36.33005411,47.84998938,1.514950147,62.21090238,31.41998246,31.42076503,0,27.7374168,49.39137345,14.6088364,16.70649861,0.454484135,,45.74871449,24.22222279,80.64308507,39.93904196,15.57914999,0,11.7343066,28.31008461,29.50648966,,29.50776533,37.13723357,58.33333333,98.60897436,40.02910654,61.42005958,68.68694254,30.6511635,,88.4130395,2.413755611,36.21052792,4.965057179,28.59147139,38.36281973,8.200036771,32.58352994,2.929408402,8.782159045,48.5403735,55.92467892,2.290747156,12.5,16.70649861,29.50776533,45.25536134,5.588311098,13.47998338,33.33333333,57.71054414,18.48255843,16.46010978,34.64336205,8.173580385,33.18348187,7.628584747,66.66666667,55.07148209,24.46666718,56.48571559,39.50088553,36.09515997,31.10120443,60.42402827,,1.039831809,7.617736524,68.33667494,47.15005816
2003,2.33333326,2.067824648,47.60856787,28.36350267,34.04255319,1.685179963,4.381864435,11.27478801,11.67544763,89.75000381,22.45454571,16.67742733,46.5705988,10.58703912,7.313084231,22.1743726,43.55267825,22.18055591,11.2176381,32.55125584,0.583333315,51.44855145,42.67578125,41.27002813,62.85138162,18.51851819,54.71873053,61.32345235,14.65116323,74.42125469,66.22588038,21.49136239,35.88750717,38.23236641,32.92992848,30.56096807,4.040404256,21.46350007,19.87881579,32.62327105,45.38935076,68.9507496,65.90043924,54.83568401,23.21332582,20.59305158,47.88484136,85.57905402,24.3627815,,52.91666587,18.65259806,34.20473664,32.60227631,0.241587571,62.03999837,13.40608078,32.82136153,0.652128255,28.93475321,22.85076389,25.92980155,38.4963126,37.54287689,54.32722645,0.064091616,36.82484525,15.47326781,34.3743701,53.04080921,13.282,36.77350027,28.84069752,73.09432608,54.21620303,28.53283811,0.057306586,91.34285518,85.38052548,12.37630699,39.82932782,39.53327059,0,27.65749634,46.14624506,74.36699684,60.89839398,28.63925599,49.97058756,0.000535997,37.75662561,46.2962963,84.37896876,28.68579692,,53.91009027,32.45571458,33.90806741,3.867924473,21.83218004,33.94807354,32.37064892,27.80122962,21.87744072,54.36047013,29.76159545,6.070175506,22.46119435,,9.738423645,6.228941155,1.879872904,0.333366565,7.12569302,29.24797715,31.38319528,1.10494107,68.34403399,1.240211857,6.766349229,4.509384903,62.63879447,14.99999953,42.30769231,64.75413425,0.295735128,49.5184698,72.4966235,13.12805504,47.12416944,0.123327688,34.45901714,48.17284965,30.86015848,26.88895663,43.1250006,34.24653321,30.16133372,32.50189802,1.403162005,38.715159,33.19400283,35.67901109,52.64968883,,18.38235294,11.73605155,,10.56890763,22.20311586,3.333333333,1.925751394,34.66766281,70.22222413,33.47729012,38.07314244,4.641080487,1.093749981,51.93224712,2.333267384,46.54275093,7.384072459,68.41304199,51.53055973,0.278451538,19.54679818,36.78404752,64.4358557,35.7117894,9.485600338,45.89715536,1.019025854,13.07487093,29.94847931,10.75236967,33.12963638,26.10115171,0,38.6062071,31.10762544,0.006462036,26.58435251,2.578351982,64.7834275,59.19968872,23.66167017,87.000001,74.17657016,29.85762673,30.02211542,51.60766739,54.41906899,36.22732294,47.40045109,1.516611315,62.18193267,31.43259427,32.78688525,0,27.74951076,49.38540765,14.94122441,16.78207108,0.454484135,,45.51498468,23.79912825,80.45016252,39.66749725,15.35714345,0,11.61188526,28.31008461,29.3627181,,29.36399688,37.04627932,58.33333333,98.58333333,40.06651373,61.51936445,68.71374957,30.91860394,,88.4130395,2.44784571,36.21052792,4.935673443,28.74138511,38.37002088,7.832322118,32.22689892,2.929408402,8.782159045,48.29867516,55.17148786,2.333836546,12.5,16.78207108,29.36399688,45.11501022,5.688722887,13.60445979,33.33333333,57.25897494,18.04214003,16.48254911,34.62077853,8.347388647,33.21013431,7.667607073,66.66666667,54.74542171,24.40000057,55.51428659,40.4328055,36.09515997,31.06608993,60.42402827,,1.039831809,7.617736524,68.11256436,46.30476929
2004,2.33333326,2.067824648,47.50846297,28.45912516,34.04255319,1.686220144,4.387496566,11.15245087,11.66842333,89.54999924,22.36363671,16.64618669,46.60208165,10.59754178,7.180685121,22.2199474,43.1092586,21.96198759,11.1976644,33.06178787,0.589041106,51.44855145,42.67578125,41.43484242,62.47610504,18.51851819,54.46819758,60.97552805,14.65116323,74.11764822,69.41049937,21.28244559,35.86246687,38.22739377,33.05619899,30.67813827,4.040404256,21.51945003,20.22059245,32.67169688,44.92394914,68.81339461,65.85065886,54.54779743,22.89091729,20.66749402,48.33529181,85.53461767,24.85292827,,52.91666587,18.67965434,34.23505048,32.62321874,0.241587571,61.67999776,13.27504147,33.50859136,0.64851746,29.07491111,22.784172,26.01221992,38.50182368,37.56024692,54.01018572,0.065698932,36.93256398,15.42970321,34.49869896,53.08327321,13.141,36.86976807,28.72825813,72.89602545,54.40065815,28.75739377,0.057306586,91.38571603,85.38052548,12.43169552,39.86357918,39.65984089,0,27.51098812,46.34387352,74.02560802,60.48484761,28.87354576,49.97058756,0.000535997,37.25270623,46.2962963,84.35864872,28.69668406,,52.83760837,32.30858496,33.94210194,3.838897063,21.97946941,33.93155798,32.32171104,27.6579902,21.71177391,54.1891279,29.6259806,6.070175506,22.61719,,9.912323782,6.396718809,1.883073772,0.34872817,7.144177731,29.513157,31.35180134,1.10494107,68.37640389,1.238137607,6.938538848,4.52085493,61.71538636,14.99999953,42.30769231,64.67258932,0.303591462,49.26530756,72.79450045,13.23558103,46.81270764,0.123327688,34.36065424,47.93538943,30.72316667,26.75346583,43.1250006,34.01052542,30.08416752,32.45066686,1.409749645,38.71216548,33.51627391,35.67901109,52.82976393,,18.38235294,11.91888842,,10.80292008,22.13949169,3.333333333,1.958956181,34.58813321,70.22222413,33.44071859,38.20684135,4.576336472,1.093749981,51.46827223,2.376285424,46.54275093,7.331419324,68.06521623,51.2485068,0.268749394,19.18226533,36.4340263,64.00912865,35.72269023,9.395474493,45.89715536,1.009236618,12.62514094,29.36679408,10.78199052,33.11813668,25.73282211,0,38.63962704,31.11642155,0.006462036,26.50416544,2.522831114,64.55474845,59.10296631,23.69319548,87.30434749,74.17038551,29.94091276,29.88472534,51.89515192,53.36599788,36.1245891,46.95091772,1.519933491,62.15295838,31.44598466,34.15300546,0,27.76521739,49.37881267,15.27361118,16.86359106,0.454484135,,45.28125487,23.73004357,80.25723124,39.39595591,15.13513543,0,11.48946314,28.31008461,29.21894708,,29.22022898,36.98019958,58.33333333,98.55769231,40.12058314,61.61866931,68.74055661,31.18604793,,88.4130395,2.47970808,36.21052792,4.906289708,28.89064773,38.37659682,7.464607465,31.870266,2.929408402,8.782159045,48.05697518,54.41829268,2.376882254,12.5,16.86359106,29.22022898,44.97465911,5.78913507,13.72893494,33.33333333,56.80740573,17.60172164,16.50498844,34.59809686,8.521197605,33.23679016,7.706628825,66.66666667,54.41936575,24.40000057,54.5142855,41.30357661,36.09515997,31.03136289,60.42402827,,1.039831809,7.617736524,67.88845904,45.45948042
2005,2.33333326,2.067824648,47.40835807,28.55474542,34.04255319,1.687258255,4.393128696,11.03011302,11.66139796,89.3999958,22.27272771,16.61494604,46.63356745,10.61214629,7.048286604,22.2655222,42.66583895,21.74342105,11.17769071,33.60640648,0.608108092,51.44855145,42.67578125,41.59148055,62.10127266,18.51851819,54.21766824,60.62760375,14.65116323,73.81404175,69.67101126,21.07352708,35.83742656,38.22242456,33.19175623,30.79609254,4.040404256,21.57539867,20.56237213,32.72012579,44.45854752,68.67603273,65.80087848,54.25990029,22.56851081,20.74193458,48.78574226,85.49020636,25.33821871,,52.91666587,18.70671062,34.2609371,32.64135795,0.241587571,61.32000224,13.14400217,34.19581867,0.644906665,29.21496228,22.7163632,26.09456653,38.50771253,37.57778527,53.69318825,0.067306243,37.03699296,15.38613861,34.62720119,53.1257372,13,36.96674267,28.61563764,72.69772481,54.58456539,28.9668477,0.057306586,91.41428811,85.38052548,12.48708304,39.89782703,39.78641118,0,27.3644799,46.54150198,73.68421053,60.07130125,29.10783553,49.97058756,0.000535997,36.74878686,46.2962963,84.33832868,28.70748414,,51.76512646,32.16145453,34.00643317,3.809869376,22.12922665,33.91522004,32.27228718,27.51270199,21.54610616,54.01778568,29.48744721,6.070175506,22.77318301,,10.08622481,6.564491066,1.886274779,0.364089776,7.162661738,29.77833685,31.32040741,1.10494107,68.40877915,1.236063266,7.110728468,4.532325275,60.79197825,14.99999953,42.30769231,64.58440888,0.311447822,49.01209481,73.09233508,13.3431085,46.50124585,0.123327688,34.26229446,47.69788302,30.58314423,26.61793457,43.1250006,33.77451762,30.00433028,32.39888554,1.416337286,38.70940915,33.83854499,35.67901109,53.00983903,,18.38235294,12.1017253,,11.0367893,22.07586752,3.333333333,1.992157582,34.50860362,70.22222413,33.40349061,38.34054267,4.511592457,1.093749981,50.999449,2.419297048,46.54275093,7.278766189,67.69565085,50.96645388,0.259047249,18.81773437,36.08400509,63.58240755,35.73359107,9.305348055,45.89715536,0.999447383,12.17541201,28.78510886,10.81161137,33.10663698,25.3644925,0,38.67304698,31.12507429,0.006462036,26.40195044,2.467310087,64.32606941,59.00625,23.7247208,87.60869399,74.16420086,30.03297098,29.74733429,52.18376495,52.31293082,36.03367224,46.50138434,1.523255827,62.12367618,31.45919844,35.51912568,0,27.78937299,49.37248915,15.60599919,16.93919011,0.454484135,,45.04752506,23.73004357,80.06430868,39.12441119,14.91312741,0,11.3670418,28.31008461,29.07517519,,29.0764602,36.88917753,58.33333333,98.53205128,40.16632017,61.71797418,68.76736365,31.45348837,,88.4130395,2.51130359,36.21052792,4.876905972,29.03980293,38.38377711,7.096892811,31.51363307,2.929408402,8.782159045,47.8152759,53.66509751,2.419921538,12.5,16.93919011,29.0764602,44.83430799,5.889546859,13.85341008,33.33333333,56.35583653,17.16130324,16.52628672,34.57555932,8.695006564,33.2634426,7.745651152,66.66666667,54.09330537,24.40000057,53.51428441,42.17434773,36.09515997,30.99623804,60.42402827,,1.039831809,7.617736524,67.66434846,44.61419155
2006,2.33333326,2.067824648,47.30825316,28.51021871,34.04255319,1.693576654,4.408054035,10.91391425,11.6543726,89.25000191,22.27272771,16.499616,46.65536509,10.93239059,7.60903403,22.31175613,42.2224193,21.52412281,11.15771702,33.76783532,0.621621633,51.44855145,42.67578125,41.67372898,61.88075406,18.51851819,53.75150005,60.42957075,14.65116323,73.47248808,69.93152956,20.86460856,35.81238626,38.21639691,33.28837501,30.88797203,4.040404256,21.62623684,20.72356302,32.7188667,43.9931459,68.53867085,65.76573939,53.97760112,22.24610434,20.81637702,49.23227671,85.45192239,25.78220427,,52.91666587,18.70671062,34.29126214,32.65944024,0.241587571,60.96000163,13.28258348,34.87890706,0.676984064,29.29141267,22.63243688,26.10796639,38.58098936,37.65587698,53.37614753,0.067908984,37.2059627,15.34257402,35.02166294,53.04080921,12.8592002,37.09026602,28.49593066,72.86179343,54.53694661,29.17248768,0.057306586,91.45713806,85.38052548,12.51849749,40.04144453,39.91122612,0,27.21797168,46.71936638,73.32859175,59.65062215,29.3421253,49.97058756,0.000535997,36.34565182,46.2962963,84.31191659,28.71877308,,50.69264456,31.99294751,34.06719129,3.780841689,22.26983568,33.9122607,32.23661977,27.38256848,21.43821829,53.63966063,29.34993255,6.070175506,22.91316839,,10.17564233,6.564491066,1.886274779,0.37645887,7.153419734,29.96124228,31.281625,1.10494107,68.42578661,1.233988926,7.175036191,4.331804102,60.07024478,14.99999953,42.30769231,64.49628305,0.319304156,48.82141278,73.91196213,13.35092882,46.18978405,0.123327688,34.16393468,47.52017689,30.44749943,26.47629509,43.1250006,33.72667836,29.90632344,32.36092939,1.422924926,38.75404419,33.99489548,35.67901109,53.19312899,,18.38235294,12.22316871,,11.17664962,21.97785191,3.333333333,2.005801705,34.44841688,70.22222413,33.38360288,38.52143042,4.446848442,1.093749981,50.51708332,2.436897552,49.53159942,7.501635105,67.34782509,50.68491259,0.254196177,18.83743925,35.73398388,64.33358935,35.77400529,9.215221617,45.89715536,0.989658148,11.72568309,28.20342363,10.85900492,33.11211277,25.3644925,0,38.64873954,31.13533512,0.006462036,26.31628421,2.41152968,64.10276974,58.89421997,23.56776401,87.60869399,74.15845612,30.11817643,29.59853345,52.55693266,51.26152232,35.90904228,45.73370249,1.523255827,62.02336313,31.47073557,36.8852459,0,27.8972076,49.46098332,16.10052745,17.0183114,0.454484135,,44.83976523,23.55907784,79.86423374,38.85286648,14.7007725,0,11.24462045,28.85204553,28.9220959,,28.92338423,36.81080905,57.83333381,98.50641026,40.1954267,61.75769855,68.69669055,31.70930375,,88.4130395,2.543157436,36.21052792,4.776365869,29.12485387,38.45716652,6.732855529,31.57196227,2.929408402,8.782159045,47.63388567,52.91190234,2.437534304,12.5,17.0183114,28.92338423,44.69395688,5.986096807,13.99399737,33.33333333,55.90426733,16.48466067,16.51753592,34.58268769,8.934407217,33.34995217,7.736483539,67.17948914,54.04614074,24.40000057,53.2000024,42.8522598,36.09515997,30.97123082,60.42402827,,1.039831809,7.617736524,67.44023788,43.76890268
2007,2.33333326,2.067824648,47.20814826,28.46569423,34.04255319,1.699901841,4.422979374,10.79771549,11.6473483,89.04999733,22.27272771,16.38428596,46.67829433,11.25077117,8.16978205,22.35799207,41.77899965,21.30482456,11.13774333,33.93241785,0.639999986,51.44855145,42.67578125,41.77033117,61.66023545,18.51851819,53.28533186,60.23153402,14.65116323,73.13092863,70.19177885,20.65569177,35.78734595,38.2103727,33.38742088,30.97985426,4.040404256,21.677075,20.88475227,32.71761068,43.52774428,68.40131586,65.73060029,53.69530546,21.92369581,20.89081946,49.67881116,85.4136583,26.22134536,,52.91666587,18.70671062,34.3171521,32.67846388,0.241587571,60.61333211,13.42116479,35.56199545,0.709061463,29.36797092,22.54857967,26.12142254,38.64867457,37.72850034,53.0591068,0.068511725,37.36540372,15.29900942,35.39927242,52.95588697,12.71840039,37.20848908,28.37646987,72.91591305,54.48877995,29.37812945,0.057306586,91.50000436,85.38052548,12.54991093,40.18506204,40.03603676,0,27.07146345,46.8972338,72.97297297,59.22994739,29.57641507,49.97058756,0.000535997,35.94251678,46.2962963,84.28549459,28.72947024,,49.62016266,31.82444126,34.12794941,3.751814279,22.41044472,33.90769003,32.19985048,27.25256244,21.33033087,53.26153557,29.21259952,6.070175506,23.05315114,,10.26491544,6.564491066,1.886274779,0.388827926,7.144177731,30.14414772,31.2428426,1.10494107,68.44279943,1.231914675,7.239343914,4.131282611,59.34851686,14.99999953,42.30769231,64.40156629,0.32716049,48.63067861,74.73158917,13.35874914,45.87832226,0.123327688,34.0655749,47.34242157,30.31195928,26.33475415,43.1250006,33.6788391,29.80842076,32.32184986,1.429512567,38.79573483,34.15124597,35.67901109,53.37642287,,18.38235294,12.34461103,,11.31650995,21.8798363,3.333333333,2.019453724,34.38823015,70.22222413,33.36233442,39.00911662,4.382104426,1.093749981,50.03947971,2.454511953,52.52044791,7.724504022,66.97825971,50.40336634,0.249345105,18.85714226,35.38396266,65.08476521,35.81442123,9.125095771,45.89715536,0.979868912,11.2759531,27.62173841,10.90639847,33.11758856,25.3644925,0,38.62443582,31.14494856,0.006462036,26.23048955,2.355749274,63.87947007,58.78218994,23.41080559,87.60869399,74.15272,30.20240144,29.44973349,52.93010036,50.21011382,35.78440966,44.96602064,1.523255827,61.92289814,31.48164033,38.25136612,0,28.01600808,49.53847417,16.59505447,17.0974289,0.454484135,,44.6320054,23.5251804,79.66416752,38.58132514,14.48841758,0,11.12219833,29.39400925,28.76901737,,28.77030901,36.73229354,57.33333429,98.48076923,40.22453324,61.79741686,68.62601745,31.96511557,,88.4130395,2.57569157,36.21052792,4.675825766,29.21001339,38.5250535,6.368817685,31.63029147,2.929408402,8.782159045,47.45249468,52.15870717,2.455160981,12.5,17.0974289,28.77030901,44.55360576,6.082646756,14.13458466,33.33333333,55.45269813,15.80801811,16.50907116,34.58785301,9.173808568,33.43646174,7.727315353,67.69230671,53.99898054,24.33333397,52.85714286,43.53017187,36.09515997,30.94502979,60.42402827,,1.039831809,7.617736524,67.21613256,42.9236138
2008,2.33333326,2.067824648,47.10804649,28.42116753,34.04255319,1.70622771,4.437904712,10.68151672,11.64032293,88.90000343,22.27272771,16.26895591,46.70008953,11.56837308,8.730529476,22.40422802,41.33557999,21.08552632,11.1177687,34.09078444,0.644736855,51.44855145,42.67578125,41.86692856,61.44015568,18.51851819,52.81916367,60.03350102,14.65116323,72.78937497,70.45229074,20.44677325,35.76230251,38.20434505,33.48341452,31.07095907,4.040404256,21.72791448,21.0459418,32.71635159,43.06234266,68.26395398,65.6954612,53.41301332,21.60128933,20.96526002,50.12534082,85.37539913,26.66290868,,52.91666587,18.70671062,34.34304207,32.69655509,0.241587571,60.2533315,13.5597461,36.24508383,0.741138811,29.44500977,22.46490589,26.13512156,38.71725889,37.80269688,52.74210933,0.069114474,37.5332155,15.25544603,35.80826014,52.87095898,12.57759961,37.33109655,28.25759797,73.01085884,54.44116117,29.58376943,0.057306586,91.52857099,85.38052548,12.58132538,40.32867954,40.1608517,0,26.92495523,47.07509821,72.6173542,58.80926829,29.81070673,49.97058756,0.000535997,35.53937945,46.2962963,84.2590825,28.75251805,,48.54768076,31.6559341,34.18870535,3.722786592,22.55105511,33.90338585,32.16336175,27.12286175,21.22244276,52.88341052,29.07570247,6.070175506,23.19313652,,10.35447826,6.564491066,1.886274779,0.40119702,7.134935023,30.32705647,31.20406301,1.10494107,68.45980688,1.229840335,7.30365078,3.93076112,58.62678339,14.99999953,42.30769231,64.28704191,0.335016823,48.43997198,75.55121622,13.36656945,45.56686047,0.123327688,33.96721199,47.16469233,30.1768611,26.19323162,43.1250006,33.63099984,29.71087216,32.28305197,1.436100081,38.83793688,34.31032951,35.67901109,53.55971283,,18.38235294,12.46605444,,11.45636935,21.78182068,3.333333333,2.033106647,34.32804342,70.22222413,33.3414034,39.19143828,4.317360411,1.093749981,49.58166754,2.472129217,55.50929187,7.94737231,66.63043395,50.12182505,0.244494033,18.87684714,35.03394145,65.83594701,35.88333865,9.034969333,45.89715536,0.970079773,10.82622418,27.04005318,10.95379111,33.12306436,25.3644925,0,38.60012838,31.16819889,0.006462036,26.14469487,2.299968867,63.65617696,58.67015381,23.2538488,87.60869399,74.14697527,30.28860722,29.30093277,53.30214302,49.15870937,35.6597797,44.19833879,1.523255827,61.82242936,31.50758968,39.61748634,0,28.1226616,49.61860081,17.08958274,17.17655011,0.454484135,,44.42424557,23.3571434,79.46409257,38.30978043,14.27606119,0,10.99977699,29.93597017,28.61593812,,28.61723308,36.65377866,56.83333476,98.45512821,40.25363724,61.81811098,68.55534435,32.22093094,,88.4130395,2.608364191,36.21052792,4.575286051,29.29565401,38.59385623,6.004780403,31.68862258,2.929408402,8.782159045,47.27110555,51.4055161,2.472790523,12.5,17.17655011,28.61723308,44.41325465,6.179196704,14.27517068,33.33333333,55.00112892,15.13137432,16.50003419,34.59334732,9.413209919,33.57611354,7.718147741,68.20512918,53.9518159,24.33333397,52.5428554,44.20808079,36.09515997,30.92260522,60.42402827,,1.039831809,7.617736524,66.99202198,42.07832493
2009,2.33333326,2.067824648,47.00794159,28.37664305,34.04255319,1.71293858,4.452830051,10.56531796,11.63329864,88.75,22.27272771,16.15362587,46.7218877,11.88642243,9.291277496,22.45046195,40.89216034,20.86622807,11.097795,34.26492307,0.671052619,51.44855145,42.67578125,41.98008279,61.21964244,18.51851819,52.35299548,59.83546429,14.65116323,72.44781552,70.71280903,20.23785646,35.73726221,38.19832084,33.54922806,31.16206079,4.040404256,21.77875265,21.20712991,32.71509557,42.59694104,68.12659899,65.66032211,53.13071767,21.2788808,21.03970246,50.57187527,85.33713535,27.104472,,52.91666587,18.70562731,34.36893204,32.71277359,0.241587571,59.90666707,13.69832597,36.92817222,0.77321621,29.52167941,22.380738,26.14861096,38.78432722,37.87379422,52.42506861,0.069717215,37.69485183,15.21188143,36.20538982,52.78603675,12.4367998,37.44080954,28.14493012,73.06021718,54.39354239,29.78941119,0.057306586,91.57142639,85.38052548,12.61273882,40.47229705,40.28566234,0,26.77844701,47.25296563,72.26173542,58.38859354,30.0449965,49.97058756,0.000535997,35.13624441,46.2962963,84.2326605,28.76259218,,47.47519886,31.48742785,34.24946347,3.693759182,22.4610629,33.89987348,32.12736166,26.9929352,21.11455702,52.50528547,28.93848223,6.070175506,23.33311927,,10.44389578,6.564491066,1.89952109,0.413566076,7.12569302,30.50996191,31.16528061,1.09822032,68.4768197,1.227766084,7.367958503,3.730239948,57.90505546,14.99999953,42.30769231,64.1726777,0.342873184,48.24926348,76.37084326,13.37438977,45.25539867,0.123327688,33.86885221,46.98696073,30.04142243,26.05171007,43.1250006,33.58316058,29.61301322,32.24475049,1.442687722,38.87928197,34.46669248,35.67901109,53.75683657,,18.38235294,12.58749676,,11.59622967,21.68380507,3.333333333,2.047219955,34.26785668,70.22222413,33.32107488,39.38937448,4.252616396,1.093749981,49.10852535,2.490469624,58.49814036,8.170241227,66.26086857,49.84027879,0.239642961,18.89655202,34.68392024,66.58712287,35.92378672,8.944843488,45.89715536,0.960290538,10.37649419,26.45836796,11.01096928,33.12854015,25.3644925,0,38.57582466,31.17711414,0.006462036,26.05903035,2.24418846,63.43287729,58.55812378,23.09689038,87.60869399,74.14123915,30.37482106,29.15713118,53.67531072,48.10730087,35.48858939,43.43065693,1.523255827,61.72212017,31.51776667,40.98360656,0,28.21090235,49.69609577,17.58410976,17.25566976,0.454484135,,44.21648574,23.3571434,79.26402635,38.03823909,14.06370627,0,10.87735487,30.47793389,28.46285959,,28.46415786,36.57541488,56.33333524,98.42948718,40.29112031,61.85904647,68.48467125,32.47674277,,88.4130395,2.641036811,36.21052792,4.474745948,29.38092465,38.66117175,5.640742559,31.74695178,2.929408402,8.782159045,47.08971456,50.65232093,2.491143908,12.5,17.25566976,28.46415786,44.27290353,6.275746653,14.41575797,33.33333333,54.54955972,14.45473175,16.49071392,34.59980818,9.65261127,33.66276024,7.708979554,68.71794676,53.9046557,24.26666737,52.20000131,44.88599286,36.09515997,30.89674808,60.42402827,,1.039831809,7.617736524,66.76791666,41.23303606
2010,2.33333326,2.067824648,46.90783669,28.33211634,34.04255319,1.7192695,4.46775539,10.44911919,11.62627327,88.54999542,22.27272771,16.03829582,46.74764969,12.19875188,9.852024922,22.49669789,40.44874069,20.64692982,11.07782131,34.42336035,0.695538048,51.44855145,42.67578125,42.06012814,60.99912383,18.51851819,51.88682729,59.63743129,14.65116323,72.10626186,70.97332093,20.02893794,35.7122219,38.19229318,33.64360777,31.2531625,4.040404256,21.82959081,21.36831943,32.71383648,42.13153942,67.98923711,65.62518302,52.84841849,20.95647433,21.11414301,51.01840971,85.29885146,27.54603533,,52.91666587,18.70562731,34.39927499,32.73087185,0.241587571,59.54666646,13.83690727,37.61126061,0.805293609,29.59840531,22.29696231,26.1620019,38.85131116,37.94405755,52.1080672,0.070319956,37.83584686,15.16831683,36.49366856,52.70110875,12.296,37.54666059,28.02567842,73.10957552,54.34592361,29.99505117,0.057306586,91.61428179,85.38052548,12.64415327,40.61591455,40.41047728,0,26.63193879,47.43083004,71.90611664,57.96791444,30.27928627,49.97058756,0.000535997,34.73310937,46.2962963,84.20624841,28.77211253,,46.40271695,31.31764129,34.31022159,3.664731495,22.60024301,33.89508217,32.0902428,26.86230081,21.00681023,52.12716042,28.80018872,6.070175506,23.47310465,,10.53316889,6.564491066,1.89952109,0.42593517,7.116451017,30.69286734,31.12650103,1.09822032,68.48443286,1.225691744,7.432266226,3.529718457,57.183322,14.99999953,42.30769231,64.01234568,0.350729517,48.0585563,77.19047031,13.38220859,44.94393688,0.123327688,33.77049243,46.80923138,29.9048378,25.90885918,43.1250006,33.53532132,29.51525674,32.20531926,1.449275362,38.92067553,34.62305544,35.67901109,53.88817481,,18.38235294,12.70894017,,11.75038052,21.58578946,3.333333333,2.0608801,34.20766995,70.22222413,33.29967333,39.57176844,4.187872381,1.093749981,48.63760218,2.508094919,61.48698885,8.393110144,65.91304281,49.55873751,0.234791889,18.91625691,34.33389902,67.33830467,35.96423307,8.85471705,45.89715536,0.950501303,9.926765265,25.87668273,11.05840498,33.13401594,25.3644925,0,38.55151722,31.18542073,0.006462036,25.97334419,2.188408053,63.20957762,58.44609375,22.93993359,87.60869399,74.13549441,30.45905707,29.00714706,54.04847843,47.05589237,35.36412272,42.66297508,1.523255827,61.62180718,31.52716472,42.34972678,0,28.31993045,49.77359074,18.07863802,17.334791,0.454484135,,44.00872591,23.29059985,79.06395141,37.76669438,13.85135135,0,10.75493353,31.01989481,28.30883405,,28.31013561,36.49702174,55.83333174,98.40384615,40.31939366,61.89752921,68.41399815,32.73255814,,88.4130395,2.673855035,36.21052792,4.374205845,29.46625237,38.72837086,5.276705277,31.80528098,2.929408402,8.782159045,46.90832483,49.89912576,2.508781492,12.5,17.334791,28.31013561,44.13255242,6.372296601,14.55634526,33.33333333,54.09799052,13.72930381,16.48139198,34.60473029,9.89201262,33.74940694,7.699811942,69.23076923,53.85749107,24.26666737,51.88571385,45.56390492,36.09515997,30.86996409,60.42402827,,1.039831809,7.617736524,66.54380608,40.38774719
2011,2.33333326,2.067824648,46.80773179,28.29708127,34.04255319,1.713112687,4.482680729,10.34066672,11.63329864,88.40000153,22.27272771,16.07838798,46.77511454,12.5156675,10.03115289,22.51122902,40.00532104,20.42836329,11.05784762,34.58179763,0.704041777,51.44855145,42.67578125,42.15613026,60.77904406,18.51851819,51.62004985,59.51970175,14.65116323,72.10626186,71.23383282,19.84860481,35.6871816,38.18716934,33.74878234,31.34932732,4.040404256,22.2341474,21.53258961,32.71257739,41.6661378,67.85187523,65.5800867,52.82433669,20.74153531,21.35235808,51.60986978,85.2546133,27.93857698,,52.91666587,18.70238069,34.42516831,32.73754877,0.241587571,59.18666585,13.95522025,38.29848791,0.808484543,29.6327445,22.22245213,26.19672308,38.86002537,37.96217964,51.79103041,0.070922697,37.92575507,15.12475223,36.5714373,52.69167487,12.33659961,37.63500512,27.88871838,73.11198131,54.61193266,30.20142238,0.057306586,91.65714809,86.15671207,12.71442153,40.61591455,40.53529222,0,26.48543057,47.58893341,71.55049787,57.55436807,30.51357604,49.97058756,0.000535997,34.3934313,46.2962963,84.15544831,28.80458925,,45.33023505,31.1848419,34.31736999,3.635703808,22.65105598,33.88756031,32.04875664,26.72248991,20.82612668,51.74936743,28.67387381,6.070175506,23.53310701,,10.61561907,6.564491066,1.89952109,0.438902743,7.218114462,30.87577278,31.09141286,1.09822032,68.47910573,1.225691744,7.49657395,3.488008342,56.46158854,14.99999953,42.30769231,63.94073364,0.350729517,47.92666959,78.01009735,13.39002891,44.63247508,0.123327688,33.67213265,46.69964853,29.7753591,25.79194235,43.1250006,33.43007339,29.39610725,32.15878036,1.482213439,38.94109383,34.65551957,35.67901109,53.92925888,,18.38235294,12.69101501,,11.89041114,21.54882734,3.333333333,2.062104273,34.16054859,70.22222413,33.26537886,39.57176844,4.123128365,1.093749981,47.79898607,2.509307701,61.48698885,8.330492496,65.54347743,49.29627097,0.231396139,18.93595991,34.14297836,67.3815225,35.97675467,8.764590612,45.89715536,0.940712067,9.477036344,25.87668273,11.07947824,33.13949173,25.3644925,0,38.55227753,31.21847026,0.006462036,25.97791392,2.132627646,62.98897091,58.31515503,23.74484355,87.60869399,74.12930976,30.53325995,28.86751977,54.42164614,46.00116269,35.23965605,41.84394566,1.523255827,61.61074634,31.55555302,42.34972678,0,28.60581394,49.77108339,18.35427595,17.36332,0.454484135,,43.80096608,23.22443186,78.86387647,38.64782624,13.63899643,0,10.63251219,31.03590101,28.18271884,,28.18402312,36.49326426,55.83333174,98.37948843,40.3260695,61.90806941,68.41399815,32.99999858,,88.4130395,2.673855035,36.21052792,4.273665742,29.5088962,38.73797286,4.912667994,31.86400204,2.932266318,8.782159045,46.79617906,49.14593058,2.509995119,12.5,17.36332,28.18402312,44.44834391,6.437950645,14.68939671,33.33333333,53.67803116,13.0550571,16.51902196,34.59968741,10.02194057,33.77947006,7.673671563,69.23076923,53.67110885,24.26666737,51.57142639,45.97994001,36.09515997,30.84438914,60.42402827,,1.039831809,7.617736524,66.3196955,39.58019803
2012,2.33333326,2.067824648,46.70762688,28.26204397,34.04255319,1.706957034,4.497606497,10.23221497,11.64032293,88.19999695,22.27272771,16.11848014,46.80088082,12.83287783,10.21028085,22.52576014,39.56190138,20.20979496,11.03787393,34.74023491,0.72727273,51.44855145,42.67578125,42.25420041,60.5589643,18.51851819,51.35327241,59.40197221,14.65116323,72.10626186,71.49434471,19.66827168,35.66214129,38.18204549,33.86057812,31.44548904,4.040404256,22.63870136,21.69685979,32.71132137,41.20073618,67.71452025,65.53499039,52.80026194,20.52659834,21.59305128,52.20132985,85.21037512,28.55075989,,52.91666587,18.69913407,34.45552247,32.74516555,0.241587571,58.84000142,14.22100535,38.98571775,0.811675477,29.66739942,22.14805747,26.23148699,38.8692097,37.98471473,51.47398968,0.071525438,38.00862668,15.08118764,36.61556287,52.68223522,12.3772002,37.75169436,27.75212432,73.11198131,54.87794171,30.4077936,0.057306586,91.68571472,86.93289867,12.78468979,40.61591455,40.66010286,0,26.33892235,47.74703678,71.19487909,57.14082171,30.74786581,49.97058756,0.000535997,34.05375094,46.2962963,84.10464821,28.83935497,,44.25775315,31.05250291,34.32451839,3.606676398,22.70186625,33.88015746,32.00749702,26.58314405,20.64541186,51.37157445,28.54823746,6.070175506,23.59310938,,10.69806924,6.564491066,1.89952109,0.451870317,7.319777906,31.05867821,31.05632468,1.09822032,68.47377875,1.225691744,7.560881673,3.446298227,55.73986061,14.99999953,42.30769231,63.78378178,0.350729517,47.79689266,78.8297244,13.39784922,44.32101329,0.123327688,33.57376974,46.59201574,29.6465948,25.67551029,43.1250006,33.32482935,29.27719095,32.11277749,1.515151515,38.96168763,34.68743073,35.67901109,53.95304035,,18.38235294,12.67308985,,12.02678065,21.52132624,3.333333333,2.063329705,34.11342724,70.22222413,33.23162694,39.57176844,4.05838435,1.093749981,46.97266971,2.510520483,61.48698885,8.267874848,65.19565168,49.03379946,0.228000388,18.9556648,33.9520577,67.42474628,35.98927626,8.674464767,45.89715536,0.930922832,9.02730635,25.87668273,11.09727201,33.14496752,25.3644925,0,38.55303783,31.25404406,0.006462036,25.98251921,2.07684724,62.76836421,58.18421631,24.5497535,87.60869399,74.12312511,30.60348896,28.72830908,54.79481384,44.94643302,35.11518671,41.02491869,1.523255827,61.59953339,31.58764814,42.34972678,0,28.92531042,49.76857986,18.62991512,17.39184904,0.454484135,,43.59320625,23.15864127,78.66381025,39.52895471,13.42664152,0,10.51009007,31.05191,28.0569447,,28.0582517,36.4895402,55.83333174,98.35513071,40.33023006,61.91892353,68.91785732,33.26744257,,88.4130395,2.673855035,36.21052792,4.173125639,29.55185752,38.7479687,4.548630151,31.92272309,2.935124234,8.782159045,46.68403347,48.39273541,2.511208746,12.5,17.39184904,28.0582517,44.76218419,6.503604689,14.8224469,33.33333333,53.2580718,12.38081038,16.55665195,34.59530857,10.15186853,33.80953318,7.647531758,69.23076923,53.4847222,24.20000076,51.25714438,46.3959751,36.09515997,30.81984683,60.42402827,,1.039831809,7.617736524,66.09559018,38.7726514
2013,2.33333326,2.067824648,46.60752512,28.22700668,34.04255319,1.700830065,4.512531836,10.1237625,11.6473483,88.05000305,22.27272771,16.1585723,46.83573548,13.14992813,10.38940762,22.54029127,39.11848173,19.99122843,11.01789929,34.89867444,0.740259731,51.44855145,42.67578125,42.35269119,60.33932336,18.51851819,51.08649497,59.28424267,14.65116323,72.10626186,71.754863,19.48794027,35.63709785,38.17691821,33.93350468,31.54165385,4.040404256,23.04325795,21.86112996,32.71006228,40.73533456,67.57715837,65.4898998,52.77618015,20.31165932,21.83126634,52.79279471,85.16615924,29.67568652,,52.91666587,18.6969691,34.48588449,32.71898647,0.241587571,58.48000081,14.34055664,39.67294505,0.814866463,29.70192531,22.07361844,26.26618677,38.8781037,38.00089124,51.15698828,0.072128186,38.07576913,15.03762425,36.68379203,51.36416031,12.4177998,37.82653381,27.61578823,73.11198131,55.14395076,30.61416481,0.057306586,91.72857012,87.70908526,12.85495805,40.61591455,40.7849178,0,26.19241413,47.90513713,70.83926031,56.72727099,30.98215747,49.97058756,0.000535997,33.71407287,46.2962963,84.05384811,28.87049664,,43.18527125,30.92015417,34.3316646,3.577648711,22.75267921,33.87277131,31.96621958,26.44370199,20.46466096,50.99377715,28.42248037,6.070175506,23.65311437,,10.78037412,6.564491066,1.90036115,0.46483789,7.421442057,31.24158697,31.02123651,1.09822032,68.46938561,1.225691744,7.625188538,3.404588113,55.01812715,14.99999953,42.30769231,63.62983643,0.350729517,47.67165994,79.64935144,13.40566954,44.0095515,0.123327688,33.47540996,46.48858974,29.51770317,25.55906792,43.1250006,33.21958143,29.15815769,32.06738735,1.548089592,38.98115949,34.7187874,35.67901109,53.95079516,,18.38235294,12.65516469,,12.15936703,21.49364043,3.333333333,2.06459012,34.0663099,70.22222413,33.19862212,39.57176844,3.993640335,1.093749981,46.14105589,2.51178908,61.48698885,8.205257828,64.84782592,48.77133292,0.224604638,18.97536968,33.76113704,67.46796411,36.00179615,8.584338328,45.89715536,0.921133693,8.577577429,25.87668273,11.12496253,33.16142708,25.3644925,0,38.55379442,31.28561504,0.006462036,25.97334484,2.021066833,62.54775094,58.05328369,25.35466345,87.60869399,74.11694908,30.67371937,28.58939831,55.16685305,43.89170335,34.98491584,40.20588926,1.523255827,61.58847243,31.61825475,42.34972678,0,29.22488414,49.76607633,18.90555306,17.4203797,0.454484135,,43.38544642,23.12588555,78.4637353,40.41008657,13.21428513,0,10.38766872,31.0679162,27.93116297,,27.9324727,36.47010717,55.83333174,98.33076673,40.33438809,61.94637416,68.91785732,33.53488301,,88.4130395,2.673855035,36.21052792,4.072585924,29.59468881,38.75767964,4.184592868,31.98144415,2.937982368,8.782159045,46.57188937,47.63954435,2.512478243,12.5,17.4203797,27.9324727,45.07797271,6.569258339,14.95549835,33.33333333,52.83811244,11.70656245,16.59428363,34.59202462,10.28179648,33.8395963,7.621391379,69.23076923,53.29833998,24.20000076,50.91428484,46.81201019,36.09515997,30.79467396,60.42402827,,1.039831809,7.617736524,65.8714796,37.96510225
2014,2.33333326,2.067824648,46.50742021,28.1919716,34.04255319,1.694674616,4.527457175,10.01531075,11.6543726,87.89999962,22.27272771,16.19866446,46.86208745,13.46648537,10.56853559,22.55482239,38.67506208,19.7726601,10.9979256,35.05711172,0.765239929,51.44855145,42.67578125,42.43716789,60.11924359,18.51851819,50.81971753,59.16651312,14.65116323,72.10626186,72.0153749,19.30760714,35.61205754,38.17179436,34.03978031,31.63781558,4.040404256,23.44781191,22.02539848,32.70880626,40.26993294,67.43980338,65.44480349,52.7521054,20.09672235,22.06947951,53.38425478,85.12192105,30.24802829,,52.91666587,18.69372248,34.51178451,32.72284322,0.241587571,58.1333313,14.46010938,40.36017489,0.818057397,29.73631997,21.99991113,26.30092992,38.88892787,38.02046154,50.83995149,0.072730927,38.16303569,14.99405965,36.75204461,51.3549552,12.45840039,37.91391747,27.47889003,73.11198131,55.40996316,30.82053602,0.057306586,91.77142552,88.48527186,12.92522631,40.61591455,40.90972844,0,26.04590591,48.0632405,70.48364154,56.31372462,31.21644724,49.97058756,0.000535997,33.37439252,46.2962963,84.00304801,28.90282051,,42.11278935,30.78781523,34.338813,3.548621301,22.80348948,33.8652555,31.92524086,26.3055112,20.28401419,50.61598417,28.29846716,6.070175506,23.71311674,,10.86282518,6.564491066,1.90036115,0.477805502,7.523105501,31.4244924,30.98614834,1.09822032,68.46499783,1.225691744,7.689496262,3.362877998,54.29639922,14.99999953,42.30769231,63.54921582,0.350729517,47.54132455,80.46897849,13.41348986,43.6980897,0.123327688,33.37705018,46.38044314,29.38870373,25.44482394,43.1250006,33.11433739,29.03910907,32.02159024,1.581027668,39.00159707,34.76456504,35.67901109,53.96590701,,18.38235294,12.63723952,,12.30301168,21.46613957,3.333333333,2.065815943,34.01918854,70.22222413,33.16462547,39.57176844,3.928896319,1.093749981,45.30440435,2.513001896,61.48698885,8.14264018,64.47826054,48.50886141,0.221208887,18.99507457,33.57021638,67.51118789,36.01431774,8.494212483,45.89715536,0.911344458,8.127847972,25.87668273,11.14277215,33.16690469,25.3644925,0,38.55455473,31.3184924,0.006462036,25.97796834,1.965286426,62.32714423,57.92234497,26.1595734,87.60869399,74.11076443,30.74496164,28.45018619,55.5400242,42.83697367,34.86031479,39.3868623,1.523255827,61.57741622,31.64711026,42.34972678,0,29.51929679,49.76356898,19.18119223,17.44890875,0.454484135,,43.17768659,23.06064884,78.26366908,41.29121505,13.00193021,0,10.2652466,31.0839252,27.80538841,,27.80670086,36.46641394,55.83333174,98.306409,40.34525892,61.95630828,68.92293339,33.802327,,88.4130395,2.673855035,36.21052792,3.972045821,29.63738839,38.76930142,3.820555305,32.0401652,2.965717131,8.782159045,46.45974383,46.88634917,2.513691904,12.5,17.44890875,27.80670086,45.39181298,6.634912776,15.08854854,33.33333333,52.41815308,11.03231573,16.63277494,34.58735831,10.41172443,33.86965942,7.595251574,69.23076923,53.11195333,24.13333257,50.59999738,47.22804528,36.09515997,30.76956804,60.42402827,,1.039831809,7.617736524,65.64737428,37.15755562
2015,2.33333326,2.067824648,46.40731531,28.15693431,34.04255319,1.688517408,4.542382513,9.906858285,11.66139796,87.70000458,22.27272771,16.23875662,46.88390014,13.78367651,10.74766355,22.56935351,38.23164243,19.55409357,10.97795191,35.21554901,0.771208227,51.44855145,42.67578125,42.53416463,59.89916917,18.51851819,50.55294009,59.04878358,14.65116323,72.10626186,72.27562418,19.12727401,35.58701724,38.16667052,34.14582404,31.73398039,4.040404256,23.8523685,22.18966865,32.70754717,39.80453132,67.3024415,65.39970717,52.72802008,19.88178334,22.30769269,53.97571485,85.07768324,30.76331475,,52.91666587,18.69047586,34.54215775,32.73242345,0.241587571,57.77333577,14.57966211,41.04740219,0.821248331,29.77071478,21.9254141,26.33566382,38.89783943,38.03917669,50.52295008,0.073333668,38.257937,14.95049505,36.8607287,51.34575569,12.499,38.00618458,27.3419908,73.10716989,55.67597221,31.02690723,0.057306586,91.81428092,89.26145845,12.99549456,40.61591455,41.03454338,0,25.89939769,48.22134387,70.12802276,55.90017825,31.45073701,49.97058756,0.000535997,33.03471445,46.2962963,83.9522479,28.93554036,,41.04030744,30.6554754,34.3459614,3.519593614,22.85430244,33.85777221,31.88387428,26.16599628,20.10329741,50.23819118,28.17259188,6.070175506,23.77311911,,10.94527536,6.564491066,1.90036115,0.490773075,7.624768946,31.60739784,30.95106299,1.09822032,68.46061005,1.225691744,7.753803985,3.321167883,53.57466576,14.99999953,42.30769231,63.46143979,0.350729517,47.41048725,81.28860553,13.42131017,43.38662791,0.123327688,33.27868727,46.27183309,29.25970278,25.32837364,43.1250006,33.00908946,28.91998735,31.97533642,1.613965744,39.02203108,34.79648843,35.67901109,53.97233837,,18.38235294,12.61931436,,12.43917275,21.43863871,3.333333333,2.06703976,33.97206718,70.22222413,33.13057185,39.57176844,3.864152304,1.093749981,44.4677528,2.514214698,61.48698885,8.080022532,64.13043478,48.24639487,0.217813137,19.01477757,33.37929571,67.55440572,36.02683934,8.404086045,45.89715536,0.901555222,7.678118515,25.87668273,11.16058178,33.1723823,25.3644925,0,38.55531503,31.35180975,0.006462036,25.9825051,1.909506019,62.10653753,57.79140625,26.96448335,87.60869399,74.10457978,30.81420033,28.31097321,55.91319191,41.782244,34.73586931,38.56783287,1.523255827,61.56635527,31.67632405,42.34972678,0,29.82006259,49.76106545,19.45683016,17.47743564,0.454484135,,42.96992676,23.06064884,78.06359414,42.17234691,12.78957529,0,10.14282526,31.0999314,27.67961304,,27.68092822,36.46262505,55.83333174,98.28205128,40.34773764,61.95823746,68.92293339,34.06976744,,88.4130395,2.673855035,36.21052792,3.871505718,29.68008876,38.77901282,3.456517742,32.09888626,2.968513582,8.782159045,46.34759831,46.133154,2.514905552,12.5,17.47743564,27.68092822,45.70760151,6.700566426,15.22159999,33.33333333,51.99819372,10.35806902,16.67040688,34.58264202,10.54165238,33.89972254,7.569111195,69.23076923,52.92557111,24.13333257,50.28571538,47.64408037,36.09515997,30.74426441,60.42402827,,1.039831809,7.617736524,65.4232637,36.35000646
2016,2.33333326,2.067824648,46.30721041,28.12189701,34.04255319,1.682361256,4.557307852,9.798405818,11.66842333,87.5,22.27272771,16.25827806,46.90571284,14.09967334,10.92679151,22.58388464,37.78822277,19.33552703,10.95797822,35.37398629,0.784061684,51.44855145,42.67578125,42.6301065,59.6790894,18.51851819,50.28616265,58.93105404,14.65116323,72.10626186,72.48453671,18.94694088,35.56197693,38.16154667,34.25172011,31.8301452,4.040404256,24.25692509,22.35394181,32.70628808,39.3391297,67.16507962,65.35461086,52.70393829,19.66684432,22.54590586,54.56717492,85.03344508,31.27860121,,52.91666587,18.68722924,34.56358456,32.69120678,0.241587571,57.41333516,14.6992134,41.7346295,0.824439265,29.80511193,21.8509066,26.35984558,38.90673721,38.05652352,50.20595261,0.073936409,38.33915268,14.90693045,36.93620953,51.33655619,12.53959961,38.08967965,27.20509156,73.10716989,55.94198126,31.23327844,0.057306586,91.85714722,90.03764505,13.06576282,40.61591455,41.15935831,0,25.75288947,48.37944724,69.77240398,55.48663189,31.68502677,49.97058756,0.000535997,32.69503637,46.2962963,83.9014478,28.95943189,,39.96782554,30.52313557,34.3531098,3.490565927,22.90511541,33.85028373,31.84249625,26.02645655,19.92258127,49.8603982,28.04668084,6.070175506,23.83312147,,11.02772554,6.564491066,1.90036115,0.503740648,7.726432391,31.79030327,30.91597482,1.09822032,68.45622227,1.225691744,7.818111708,3.279457769,52.8529323,14.99999953,42.30769231,63.35483649,0.350729517,47.2796502,82.10823257,13.42913049,43.07516611,0.123327688,33.18032749,46.16329869,29.13065758,25.21193079,43.1250006,32.90384153,28.80082717,31.92907099,1.646903821,39.04246364,34.83285866,35.67901109,53.97876974,,,12.6013892,,12.57525102,21.41113785,3.333333333,2.068264864,33.92494583,70.22222413,33.0965024,39.57176844,3.799408289,1.093749981,43.63110126,2.515427499,61.48698885,8.017404884,63.78260903,47.98392833,0.214417386,19.03448246,33.18837505,67.59762355,36.03936094,8.313959607,45.89715536,0.891765987,7.228389058,25.87668273,11.1783914,33.1778599,25.3644925,0,38.55607533,31.37536236,0.006462036,25.98678616,1.853725612,61.88593083,57.66046753,27.7693933,87.60869399,74.09839513,30.88343903,28.17176022,56.28635961,40.72751433,34.61142383,37.74880345,1.523255827,61.55529443,31.69472267,42.34972678,0,30.12082839,49.75856192,19.73246809,17.50586354,0.454484135,,42.76216694,23.06064884,77.8635192,43.05347877,12.57722037,0,10.02040392,31.1159376,27.55383768,,27.55515558,36.45854466,55.83333174,98.25769356,40.35357636,61.97001199,68.92293339,34.33720788,,88.4130395,2.673855035,36.21052792,3.770965615,29.72279147,38.7887107,3.092480179,32.15760731,2.97139559,8.782159045,46.23545302,45.37995883,2.516119199,12.5,17.50586354,27.55515558,46.023393,6.766220077,15.35465144,33.33333333,51.57823436,9.683822306,16.70803881,34.57791945,10.67158034,33.92978567,7.54297139,69.23076923,52.73918889,24.13333257,49.97142792,48.06011546,36.09515997,30.71642094,60.42402827,,1.039831809,7.617736524,65.19915312,35.54245731
